id,Title,Content,SKU,"Product Type","Parent Product ID",Trucks,Wheels,"Product Attributes","Regular Price"
1914,"Hibiscus Complet",,1694-1914,variable,1694,"Independent - Forged Titanium Stg 11 - 169mm","Zenit 78a - 60mm",,200
1915,"Hibiscus Complet",,1694-1915,variable,1694,"Independent - Forged Titanium Stg 11 - 169mm","Zenit 78a - 70mm",,200
1913,"Hibiscus Complet",,1694-1913,variable,1694,"Independent - Forged Titanium Stg 11 - 169mm","Onsen 100a",,200
1912,"Hibiscus Complet",,1694-1912,variable,1694,"Independent - Forged Titanium Stg 11 - 169mm","Skiffs 80a",,200
1910,"Hibiscus Complet",,1694-1910,variable,1694,"Independent - Forged Titanium Stg 11 - 169mm","Skiffs 86a",,200
1911,"Hibiscus Complet",,1694-1911,variable,1694,"Independent - Forged Titanium Stg 11 - 169mm","Skiffs 83a",,200
1906,"Hibiscus Complet",,1694-1906,variable,1694,"Independent - Forged Titanium Stg 11 - 169mm","Kilmer 80a",,200
1905,"Hibiscus Complet",,1694-1905,variable,1694,"Independent - Forged Titanium Stg 11 - 169mm","Kilmer 83a",,200
1907,"Hibiscus Complet",,1694-1907,variable,1694,"Independent - Forged Titanium Stg 11 - 169mm","Orangatang Keanu 86a 66mm",,200
1908,"Hibiscus Complet",,1694-1908,variable,1694,"Independent - Forged Titanium Stg 11 - 169mm","Orangatang Keanu 83a 66mm",,200
1909,"Hibiscus Complet",,1694-1909,variable,1694,"Independent - Forged Titanium Stg 11 - 169mm","Orangatang Keanu 80a 66mm",,200
1903,"Hibiscus Complet",,1694-1903,variable,1694,"Independent - Forged Titanium Stg 11 - 169mm","Kegels 80a",,100
1901,"Hibiscus Complet",,1694-1901,variable,1694,"Paris Street Trucks RAW 169mm TKP","Zenit 78a - 60mm",,100
1902,"Hibiscus Complet",,1694-1902,variable,1694,"Paris Street Trucks RAW 169mm TKP","Zenit 78a - 70mm",,100
1904,"Hibiscus Complet",,1694-1904,variable,1694,"Independent - Forged Titanium Stg 11 - 169mm","Kegels 83a",,100
1900,"Hibiscus Complet",,1694-1900,variable,1694,"Paris Street Trucks RAW 169mm TKP","Onsen 100a",,100
1899,"Hibiscus Complet",,1694-1899,variable,1694,"Paris Street Trucks RAW 169mm TKP","Skiffs 80a",,100
1895,"Hibiscus Complet",,1694-1895,variable,1694,"Paris Street Trucks RAW 169mm TKP","Orangatang Keanu 83a 66mm",,100
1898,"Hibiscus Complet",,1694-1898,variable,1694,"Paris Street Trucks RAW 169mm TKP","Skiffs 83a",,100
1896,"Hibiscus Complet",,1694-1896,variable,1694,"Paris Street Trucks RAW 169mm TKP","Orangatang Keanu 80a 66mm",,100
1897,"Hibiscus Complet",,1694-1897,variable,1694,"Paris Street Trucks RAW 169mm TKP","Skiffs 86a",,100
1894,"Hibiscus Complet",,1694-1894,variable,1694,"Paris Street Trucks RAW 169mm TKP","Orangatang Keanu 86a 66mm",,100
1893,"Hibiscus Complet",,1694-1893,variable,1694,"Paris Street Trucks RAW 169mm TKP","Kilmer 80a",,100
1892,"Hibiscus Complet",,1694-1892,variable,1694,"Paris Street Trucks RAW 169mm TKP","Kilmer 83a",,100
1888,"Hibiscus Complet",,1694-1888,variable,1694,"Paris Trucks Black 150mm 50° RKP","Zenit 78a - 60mm",,100
1890,"Hibiscus Complet",,1694-1890,variable,1694,"Paris Street Trucks RAW 169mm TKP","Kegels 80a",,100
1887,"Hibiscus Complet",,1694-1887,variable,1694,"Paris Trucks Black 150mm 50° RKP","Onsen 100a",,100
1888,"Hibiscus Complet",,1694-1888,variable,1694,"Paris Trucks Black 150mm 50° RKP","Zenit 78a - 60mm",,100
1889,"Hibiscus Complet",,1694-1889,variable,1694,"Paris Trucks Black 150mm 50° RKP","Zenit 78a - 70mm",,100
1884,"Hibiscus Complet",,1694-1884,variable,1694,"Paris Trucks Black 150mm 50° RKP","Skiffs 86a",,100
1882,"Hibiscus Complet",,1694-1882,variable,1694,"Paris Trucks Black 150mm 50° RKP","Orangatang Keanu 83a 66mm",,100
1883,"Hibiscus Complet",,1694-1883,variable,1694,"Paris Trucks Black 150mm 50° RKP","Orangatang Keanu 80a 66mm",,100
1885,"Hibiscus Complet",,1694-1885,variable,1694,"Paris Trucks Black 150mm 50° RKP","Skiffs 83a",,100
1886,"Hibiscus Complet",,1694-1886,variable,1694,"Paris Trucks Black 150mm 50° RKP","Skiffs 80a",,100
1881,"Hibiscus Complet",,1694-1881,variable,1694,"Paris Trucks Black 150mm 50° RKP","Orangatang Keanu 86a 66mm",,100
1880,"Hibiscus Complet",,1694-1880,variable,1694,"Paris Trucks Black 150mm 50° RKP","Kilmer 80a",,100
1878,"Hibiscus Complet",,1694-1878,variable,1694,"Paris Trucks Black 150mm 50° RKP","Kegels 83a",,100
1876,"Hibiscus Complet",,1694-1876,variable,1694,"Paris Trucks Tiffany White 180mm 50° RKP","Zenit 78a - 70mm",,100
1877,"Hibiscus Complet",,1694-1877,variable,1694,"Paris Trucks Black 150mm 50° RKP","Kegels 80a",,100
1879,"Hibiscus Complet",,1694-1879,variable,1694,"Paris Trucks Black 150mm 50° RKP","Kilmer 83a",,100
1871,"Hibiscus Complet",,1694-1871,variable,1694,"Paris Trucks Tiffany White 180mm 50° RKP","Skiffs 86a",,100
1873,"Hibiscus Complet",,1694-1873,variable,1694,"Paris Trucks Tiffany White 180mm 50° RKP","Skiffs 80a",,100
1870,"Hibiscus Complet",,1694-1870,variable,1694,"Paris Trucks Tiffany White 180mm 50° RKP","Orangatang Keanu 80a 66mm",,100
1872,"Hibiscus Complet",,1694-1872,variable,1694,"Paris Trucks Tiffany White 180mm 50° RKP","Skiffs 83a",,100
1874,"Hibiscus Complet",,1694-1874,variable,1694,"Paris Trucks Tiffany White 180mm 50° RKP","Onsen 100a",,100
1875,"Hibiscus Complet",,1694-1875,variable,1694,"Paris Trucks Tiffany White 180mm 50° RKP","Zenit 78a - 60mm",,100
1868,"Hibiscus Complet",,1694-1868,variable,1694,"Paris Trucks Tiffany White 180mm 50° RKP","Orangatang Keanu 86a 66mm",,100
1865,"Hibiscus Complet",,1694-1865,variable,1694,"Paris Trucks Tiffany White 180mm 50° RKP","Kegels 83a",,100
1869,"Hibiscus Complet",,1694-1869,variable,1694,"Paris Trucks Tiffany White 180mm 50° RKP","Orangatang Keanu 83a 66mm",,100
1867,"Hibiscus Complet",,1694-1867,variable,1694,"Paris Trucks Tiffany White 180mm 50° RKP","Kilmer 80a",,100
1867,"Hibiscus Complet",,1694-1867,variable,1694,"Paris Trucks Tiffany White 180mm 50° RKP","Kilmer 80a",,100
1869,"Hibiscus Complet",,1694-1869,variable,1694,"Paris Trucks Tiffany White 180mm 50° RKP","Orangatang Keanu 83a 66mm",,100
1863,"Hibiscus Complet",,1694-1863,variable,1694,"Paris Trucks Matte Black 180mm 50° RKP","Zenit 78a - 70mm",,100
1858,"Hibiscus Complet",,1694-1858,variable,1694,"Paris Trucks Matte Black 180mm 50° RKP","Skiffs 86a",,100
1862,"Hibiscus Complet",,1694-1862,variable,1694,"Paris Trucks Matte Black 180mm 50° RKP","Zenit 78a - 60mm",,100
1859,"Hibiscus Complet",,1694-1859,variable,1694,"Paris Trucks Matte Black 180mm 50° RKP","Skiffs 83a",,100
1861,"Hibiscus Complet",,1694-1861,variable,1694,"Paris Trucks Matte Black 180mm 50° RKP","Onsen 100a",,100
1860,"Hibiscus Complet",,1694-1860,variable,1694,"Paris Trucks Matte Black 180mm 50° RKP","Skiffs 80a",,100
1854,"Hibiscus Complet",,1694-1854,variable,1694,"Paris Trucks Matte Black 180mm 50° RKP","Kilmer 80a",,100
1851,"Hibiscus Complet",,1694-1851,variable,1694,"Paris Trucks Matte Black 180mm 50° RKP","Kegels 80a",,100
1855,"Hibiscus Complet",,1694-1855,variable,1694,"Paris Trucks Matte Black 180mm 50° RKP","Orangatang Keanu 86a 66mm",,100
1852,"Hibiscus Complet",,1694-1852,variable,1694,"Paris Trucks Matte Black 180mm 50° RKP","Kegels 83a",,100
1856,"Hibiscus Complet",,1694-1856,variable,1694,"Paris Trucks Matte Black 180mm 50° RKP","Orangatang Keanu 83a 66mm",,100
1853,"Hibiscus Complet",,1694-1853,variable,1694,"Paris Trucks Matte Black 180mm 50° RKP","Kilmer 83a",,100
1857,"Hibiscus Complet",,1694-1857,variable,1694,"Paris Trucks Matte Black 180mm 50° RKP","Orangatang Keanu 80a 66mm",,100
1849,"Hibiscus Complet",,1694-1849,variable,1694,"Paris Trucks Satin Blue 180mm 50° RKP","Zenit 78a - 60mm",,100
1847,"Hibiscus Complet",,1694-1847,variable,1694,"Paris Trucks Satin Blue 180mm 50° RKP","Skiffs 80a",,100
1846,"Hibiscus Complet",,1694-1846,variable,1694,"Paris Trucks Satin Blue 180mm 50° RKP","Skiffs 83a",,100
1850,"Hibiscus Complet",,1694-1850,variable,1694,"Paris Trucks Satin Blue 180mm 50° RKP","Zenit 78a - 70mm",,100
1848,"Hibiscus Complet",,1694-1848,variable,1694,"Paris Trucks Satin Blue 180mm 50° RKP","Onsen 100a",,100
1845,"Hibiscus Complet",,1694-1845,variable,1694,"Paris Trucks Satin Blue 180mm 50° RKP","Skiffs 86a",,100
1844,"Hibiscus Complet",,1694-1844,variable,1694,"Paris Trucks Satin Blue 180mm 50° RKP","Orangatang Keanu 80a 66mm",,100
1839,"Hibiscus Complet",,1694-1839,variable,1694,"Paris Trucks Satin Blue 180mm 50° RKP","Kegels 83a",,100
1842,"Hibiscus Complet",,1694-1842,variable,1694,"Paris Trucks Satin Blue 180mm 50° RKP","Orangatang Keanu 86a 66mm",,100
1840,"Hibiscus Complet",,1694-1840,variable,1694,"Paris Trucks Satin Blue 180mm 50° RKP","Kilmer 83a",,100
1840,"Hibiscus Complet",,1694-1840,variable,1694,"Paris Trucks Satin Blue 180mm 50° RKP","Kilmer 83a",,100
1839,"Hibiscus Complet",,1694-1839,variable,1694,"Paris Trucks Satin Blue 180mm 50° RKP","Kegels 83a",,100
1843,"Hibiscus Complet",,1694-1843,variable,1694,"Paris Trucks Satin Blue 180mm 50° RKP","Orangatang Keanu 83a 66mm",,100
1835,"Hibiscus Complet",,1694-1835,variable,1694,"Paris Trucks Matt Kienzle Signature 180mm 50° RKP","Onsen 100a",,100
1833,"Hibiscus Complet",,1694-1833,variable,1694,"Paris Trucks Matt Kienzle Signature 180mm 50° RKP","Skiffs 83a",,100
1837,"Hibiscus Complet",,1694-1837,variable,1694,"Paris Trucks Matt Kienzle Signature 180mm 50° RKP","Zenit 78a - 70mm",,100
1836,"Hibiscus Complet",,1694-1836,variable,1694,"Paris Trucks Matt Kienzle Signature 180mm 50° RKP","Zenit 78a - 60mm",,100
1831,"Hibiscus Complet",,1694-1831,variable,1694,"Paris Trucks Matt Kienzle Signature 180mm 50° RKP","Orangatang Keanu 80a 66mm",,100
1832,"Hibiscus Complet",,1694-1832,variable,1694,"Paris Trucks Matt Kienzle Signature 180mm 50° RKP","Skiffs 86a",,100
1834,"Hibiscus Complet",,1694-1834,variable,1694,"Paris Trucks Matt Kienzle Signature 180mm 50° RKP","Skiffs 80a",,100
1823,"Hibiscus Complet",,1694-1823,variable,1694,"Paris Trucks Satin Red 180mm 50° RKP","Zenit 78a - 60mm",,100
1826,"Hibiscus Complet",,1694-1826,variable,1694,"Paris Trucks Matt Kienzle Signature 180mm 50° RKP","Kegels 83a",,100
1828,"Hibiscus Complet",,1694-1828,variable,1694,"Paris Trucks Matt Kienzle Signature 180mm 50° RKP","Kilmer 80a",,100
1830,"Hibiscus Complet",,1694-1830,variable,1694,"Paris Trucks Matt Kienzle Signature 180mm 50° RKP","Orangatang Keanu 83a 66mm",,100
1829,"Hibiscus Complet",,1694-1829,variable,1694,"Paris Trucks Matt Kienzle Signature 180mm 50° RKP","Orangatang Keanu 86a 66mm",,100
1825,"Hibiscus Complet",,1694-1825,variable,1694,"Paris Trucks Matt Kienzle Signature 180mm 50° RKP","Kegels 80a",,100
1827,"Hibiscus Complet",,1694-1827,variable,1694,"Paris Trucks Matt Kienzle Signature 180mm 50° RKP","Kilmer 83a",,100
1824,"Hibiscus Complet",,1694-1824,variable,1694,"Paris Trucks Satin Red 180mm 50° RKP","Zenit 78a - 70mm",,100
1819,"Hibiscus Complet",,1694-1819,variable,1694,"Paris Trucks Satin Red 180mm 50° RKP","Skiffs 86a",,100
1816,"Hibiscus Complet",,1694-1816,variable,1694,"Paris Trucks Satin Red 180mm 50° RKP","Orangatang Keanu 86a 66mm",,100
1817,"Hibiscus Complet",,1694-1817,variable,1694,"Paris Trucks Satin Red 180mm 50° RKP","Orangatang Keanu 83a 66mm",,100
1820,"Hibiscus Complet",,1694-1820,variable,1694,"Paris Trucks Satin Red 180mm 50° RKP","Skiffs 83a",,100
1821,"Hibiscus Complet",,1694-1821,variable,1694,"Paris Trucks Satin Red 180mm 50° RKP","Skiffs 80a",,100
1818,"Hibiscus Complet",,1694-1818,variable,1694,"Paris Trucks Satin Red 180mm 50° RKP","Orangatang Keanu 80a 66mm",,100
1822,"Hibiscus Complet",,1694-1822,variable,1694,"Paris Trucks Satin Red 180mm 50° RKP","Onsen 100a",,100
1808,"Hibiscus Complet",,1694-1808,variable,1694,"Paris Trucks Gold 180mm 43° RKP","Skiffs 80a",,100
1814,"Hibiscus Complet",,1694-1814,variable,1694,"Paris Trucks Satin Red 180mm 50° RKP","Kilmer 83a",,100
1811,"Hibiscus Complet",,1694-1811,variable,1694,"Paris Trucks Gold 180mm 43° RKP","Zenit 78a - 70mm",,100
1809,"Hibiscus Complet",,1694-1809,variable,1694,"Paris Trucks Gold 180mm 43° RKP","Onsen 100a",,100
1815,"Hibiscus Complet",,1694-1815,variable,1694,"Paris Trucks Satin Red 180mm 50° RKP","Kilmer 80a",,100
1810,"Hibiscus Complet",,1694-1810,variable,1694,"Paris Trucks Gold 180mm 43° RKP","Zenit 78a - 60mm",,100
1812,"Hibiscus Complet",,1694-1812,variable,1694,"Paris Trucks Satin Red 180mm 50° RKP","Kegels 80a",,100
1813,"Hibiscus Complet",,1694-1813,variable,1694,"Paris Trucks Satin Red 180mm 50° RKP","Kegels 83a",,100
1804,"Hibiscus Complet",,1694-1804,variable,1694,"Paris Trucks Gold 180mm 43° RKP","Orangatang Keanu 83a 66mm",,100
1805,"Hibiscus Complet",,1694-1805,variable,1694,"Paris Trucks Gold 180mm 43° RKP","Orangatang Keanu 80a 66mm",,100
1801,"Hibiscus Complet",,1694-1801,variable,1694,"Paris Trucks Gold 180mm 43° RKP","Kilmer 83a",,100
1800,"Hibiscus Complet",,1694-1800,variable,1694,"Paris Trucks Gold 180mm 43° RKP","Kegels 83a",,100
1803,"Hibiscus Complet",,1694-1803,variable,1694,"Paris Trucks Gold 180mm 43° RKP","Orangatang Keanu 86a 66mm",,100
1802,"Hibiscus Complet",,1694-1802,variable,1694,"Paris Trucks Gold 180mm 43° RKP","Kilmer 80a",,100
1806,"Hibiscus Complet",,1694-1806,variable,1694,"Paris Trucks Gold 180mm 43° RKP","Skiffs 86a",,100
1807,"Hibiscus Complet",,1694-1807,variable,1694,"Paris Trucks Gold 180mm 43° RKP","Skiffs 83a",,100
1796,"Hibiscus Complet",,1694-1796,variable,1694,"Paris Trucks White 180mm 43° RKP","Onsen 100a",,100
1799,"Hibiscus Complet",,1694-1799,variable,1694,"Paris Trucks Gold 180mm 43° RKP","Kegels 80a",,100
1798,"Hibiscus Complet",,1694-1798,variable,1694,"Paris Trucks White 180mm 43° RKP","Zenit 78a - 70mm",,100
1797,"Hibiscus Complet",,1694-1797,variable,1694,"Paris Trucks White 180mm 43° RKP","Zenit 78a - 60mm",,100
1795,"Hibiscus Complet",,1694-1795,variable,1694,"Paris Trucks White 180mm 43° RKP","Skiffs 80a",,100
1794,"Hibiscus Complet",,1694-1794,variable,1694,"Paris Trucks White 180mm 43° RKP","Skiffs 83a",,100
1793,"Hibiscus Complet",,1694-1793,variable,1694,"Paris Trucks White 180mm 43° RKP","Skiffs 86a",,100
1791,"Hibiscus Complet",,1694-1791,variable,1694,"Paris Trucks White 180mm 43° RKP","Orangatang Keanu 83a 66mm",,100
1792,"Hibiscus Complet",,1694-1792,variable,1694,"Paris Trucks White 180mm 43° RKP","Orangatang Keanu 80a 66mm",,100
1790,"Hibiscus Complet",,1694-1790,variable,1694,"Paris Trucks White 180mm 43° RKP","Orangatang Keanu 86a 66mm",,100
1789,"Hibiscus Complet",,1694-1789,variable,1694,"Paris Trucks White 180mm 43° RKP","Kilmer 80a",,100
1787,"Hibiscus Complet",,1694-1787,variable,1694,"Paris Trucks White 180mm 43° RKP","Kegels 83a",,100
1785,"Hibiscus Complet",,1694-1785,variable,1694,"Paris Trucks Savants Gunmetal Grey 180mm 50° RKP","Zenit 78a - 70mm",,100
1784,"Hibiscus Complet",,1694-1784,variable,1694,"Paris Trucks Savants Gunmetal Grey 180mm 50° RKP","Zenit 78a - 60mm",,100
1783,"Hibiscus Complet",,1694-1783,variable,1694,"Paris Trucks Savants Gunmetal Grey 180mm 50° RKP","Onsen 100a",,100
1782,"Hibiscus Complet",,1694-1782,variable,1694,"Paris Trucks Savants Gunmetal Grey 180mm 50° RKP","Skiffs 80a",,100
1786,"Hibiscus Complet",,1694-1786,variable,1694,"Paris Trucks White 180mm 43° RKP","Kegels 80a",,100
1788,"Hibiscus Complet",,1694-1788,variable,1694,"Paris Trucks White 180mm 43° RKP","Kilmer 83a",,100
1777,"Hibiscus Complet",,1694-1777,variable,1694,"Paris Trucks Savants Gunmetal Grey 180mm 50° RKP","Orangatang Keanu 86a 66mm",,100
1775,"Hibiscus Complet",,1694-1775,variable,1694,"Paris Trucks Savants Gunmetal Grey 180mm 50° RKP","Kilmer 83a",,100
1776,"Hibiscus Complet",,1694-1776,variable,1694,"Paris Trucks Savants Gunmetal Grey 180mm 50° RKP","Kilmer 80a",,100
1772,"Hibiscus Complet",,1694-1772,variable,1694,"Paris Trucks Savants Electro Luxe 180mm 50° RKP","Zenit 78a - 70mm",,100
1773,"Hibiscus Complet",,1694-1773,variable,1694,"Paris Trucks Savants Gunmetal Grey 180mm 50° RKP","Kegels 80a",,100
1774,"Hibiscus Complet",,1694-1774,variable,1694,"Paris Trucks Savants Gunmetal Grey 180mm 50° RKP","Kegels 83a",,100
1781,"Hibiscus Complet",,1694-1781,variable,1694,"Paris Trucks Savants Gunmetal Grey 180mm 50° RKP","Skiffs 83a",,100
1780,"Hibiscus Complet",,1694-1780,variable,1694,"Paris Trucks Savants Gunmetal Grey 180mm 50° RKP","Skiffs 86a",,100
1779,"Hibiscus Complet",,1694-1779,variable,1694,"Paris Trucks Savants Gunmetal Grey 180mm 50° RKP","Orangatang Keanu 80a 66mm",,100
1778,"Hibiscus Complet",,1694-1778,variable,1694,"Paris Trucks Savants Gunmetal Grey 180mm 50° RKP","Orangatang Keanu 83a 66mm",,100
1763,"Hibiscus Complet",,1694-1763,variable,1694,"Paris Trucks Savants Electro Luxe 180mm 50° RKP","Kilmer 80a",,100
1762,"Hibiscus Complet",,1694-1762,variable,1694,"Paris Trucks Savants Electro Luxe 180mm 50° RKP","Kilmer 83a",,100
1764,"Hibiscus Complet",,1694-1764,variable,1694,"Paris Trucks Savants Electro Luxe 180mm 50° RKP","Orangatang Keanu 86a 66mm",,100
1765,"Hibiscus Complet",,1694-1765,variable,1694,"Paris Trucks Savants Electro Luxe 180mm 50° RKP","Orangatang Keanu 83a 66mm",,100
1766,"Hibiscus Complet",,1694-1766,variable,1694,"Paris Trucks Savants Electro Luxe 180mm 50° RKP","Orangatang Keanu 80a 66mm",,100
1769,"Hibiscus Complet",,1694-1769,variable,1694,"Paris Trucks Savants Electro Luxe 180mm 50° RKP","Skiffs 80a",,100
1768,"Hibiscus Complet",,1694-1768,variable,1694,"Paris Trucks Savants Electro Luxe 180mm 50° RKP","Skiffs 83a",,100
1771,"Hibiscus Complet",,1694-1771,variable,1694,"Paris Trucks Savants Electro Luxe 180mm 50° RKP","Zenit 78a - 60mm",,100
1770,"Hibiscus Complet",,1694-1770,variable,1694,"Paris Trucks Savants Electro Luxe 180mm 50° RKP","Onsen 100a",,100
1769,"Hibiscus Complet",,1694-1769,variable,1694,"Paris Trucks Savants Electro Luxe 180mm 50° RKP","Skiffs 80a",,100
1753,"Hibiscus Complet",,1694-1753,variable,1694,"Paris Trucks Savants Gunmetal Grey 180mm 43° RKP","Orangatang Keanu 80a 66mm",,100
1754,"Hibiscus Complet",,1694-1754,variable,1694,"Paris Trucks Savants Gunmetal Grey 180mm 43° RKP","Skiffs 86a",,100
1755,"Hibiscus Complet",,1694-1755,variable,1694,"Paris Trucks Savants Gunmetal Grey 180mm 43° RKP","Skiffs 83a",,100
1752,"Hibiscus Complet",,1694-1752,variable,1694,"Paris Trucks Savants Gunmetal Grey 180mm 43° RKP","Orangatang Keanu 83a 66mm",,100
1756,"Hibiscus Complet",,1694-1756,variable,1694,"Paris Trucks Savants Gunmetal Grey 180mm 43° RKP","Skiffs 80a",,100
1758,"Hibiscus Complet",,1694-1758,variable,1694,"Paris Trucks Savants Gunmetal Grey 180mm 43° RKP","Zenit 78a - 60mm",,100
1759,"Hibiscus Complet",,1694-1759,variable,1694,"Paris Trucks Savants Gunmetal Grey 180mm 43° RKP","Zenit 78a - 70mm",,100
1760,"Hibiscus Complet",,1694-1760,variable,1694,"Paris Trucks Savants Electro Luxe 180mm 50° RKP","Kegels 80a",,100
1757,"Hibiscus Complet",,1694-1757,variable,1694,"Paris Trucks Savants Gunmetal Grey 180mm 43° RKP","Onsen 100a",,100
1761,"Hibiscus Complet",,1694-1761,variable,1694,"Paris Trucks Savants Electro Luxe 180mm 50° RKP","Kegels 83a",,100
1745,"Hibiscus Complet",,1694-1745,variable,1694,"Paris Trucks Savants Electro Luxe 180mm 43° RKP","Zenit 78a - 60mm",,100
1746,"Hibiscus Complet",,1694-1746,variable,1694,"Paris Trucks Savants Electro Luxe 180mm 43° RKP","Zenit 78a - 70mm",,100
1747,"Hibiscus Complet",,1694-1747,variable,1694,"Paris Trucks Savants Gunmetal Grey 180mm 43° RKP","Kegels 80a",,100
1749,"Hibiscus Complet",,1694-1749,variable,1694,"Paris Trucks Savants Gunmetal Grey 180mm 43° RKP","Kilmer 83a",,100
1750,"Hibiscus Complet",,1694-1750,variable,1694,"Paris Trucks Savants Gunmetal Grey 180mm 43° RKP","Kilmer 80a",,100
1751,"Hibiscus Complet",,1694-1751,variable,1694,"Paris Trucks Savants Gunmetal Grey 180mm 43° RKP","Orangatang Keanu 86a 66mm",,100
1748,"Hibiscus Complet",,1694-1748,variable,1694,"Paris Trucks Savants Gunmetal Grey 180mm 43° RKP","Kegels 83a",,100
1742,"Hibiscus Complet",,1694-1742,variable,1694,"Paris Trucks Savants Electro Luxe 180mm 43° RKP","Skiffs 83a",,100
1741,"Hibiscus Complet",,1694-1741,variable,1694,"Paris Trucks Savants Electro Luxe 180mm 43° RKP","Skiffs 86a",,100
1740,"Hibiscus Complet",,1694-1740,variable,1694,"Paris Trucks Savants Electro Luxe 180mm 43° RKP","Orangatang Keanu 80a 66mm",,100
1736,"Hibiscus Complet",,1694-1736,variable,1694,"Paris Trucks Savants Electro Luxe 180mm 43° RKP","Kilmer 83a",,100
1739,"Hibiscus Complet",,1694-1739,variable,1694,"Paris Trucks Savants Electro Luxe 180mm 43° RKP","Orangatang Keanu 83a 66mm",,100
1740,"Hibiscus Complet",,1694-1740,variable,1694,"Paris Trucks Savants Electro Luxe 180mm 43° RKP","Orangatang Keanu 80a 66mm",,100
1744,"Hibiscus Complet",,1694-1744,variable,1694,"Paris Trucks Savants Electro Luxe 180mm 43° RKP","Onsen 100a",,100
1741,"Hibiscus Complet",,1694-1741,variable,1694,"Paris Trucks Savants Electro Luxe 180mm 43° RKP","Skiffs 86a",,100
1742,"Hibiscus Complet",,1694-1742,variable,1694,"Paris Trucks Savants Electro Luxe 180mm 43° RKP","Skiffs 83a",,100
1743,"Hibiscus Complet",,1694-1743,variable,1694,"Paris Trucks Savants Electro Luxe 180mm 43° RKP","Skiffs 80a",,100
1728,"Hibiscus Complet",,1694-1728,variable,1694,"Paris Trucks Savants Gunmetal Grey 165mm 43° RKP","Skiffs 86a",,100
1727,"Hibiscus Complet",,1694-1727,variable,1694,"Paris Trucks Savants Gunmetal Grey 165mm 43° RKP","Orangatang Keanu 80a 66mm",,100
1726,"Hibiscus Complet",,1694-1726,variable,1694,"Paris Trucks Savants Gunmetal Grey 165mm 43° RKP","Orangatang Keanu 83a 66mm",,100
1724,"Hibiscus Complet",,1694-1724,variable,1694,"Paris Trucks Savants Gunmetal Grey 165mm 43° RKP","Kilmer 80a",,100
1725,"Hibiscus Complet",,1694-1725,variable,1694,"Paris Trucks Savants Gunmetal Grey 165mm 43° RKP","Orangatang Keanu 86a 66mm",,100
1729,"Hibiscus Complet",,1694-1729,variable,1694,"Paris Trucks Savants Gunmetal Grey 165mm 43° RKP","Skiffs 83a",,100
1730,"Hibiscus Complet",,1694-1730,variable,1694,"Paris Trucks Savants Gunmetal Grey 165mm 43° RKP","Skiffs 80a",,100
1731,"Hibiscus Complet",,1694-1731,variable,1694,"Paris Trucks Savants Gunmetal Grey 165mm 43° RKP","Onsen 100a",,100
1732,"Hibiscus Complet",,1694-1732,variable,1694,"Paris Trucks Savants Gunmetal Grey 165mm 43° RKP","Zenit 78a - 60mm",,100
1733,"Hibiscus Complet",,1694-1733,variable,1694,"Paris Trucks Savants Gunmetal Grey 165mm 43° RKP","Zenit 78a - 70mm",,100
1734,"Hibiscus Complet",,1694-1734,variable,1694,"Paris Trucks Savants Electro Luxe 180mm 43° RKP","Kegels 80a",,100
1711,"Hibiscus Complet",,1694-1711,variable,1694,"Paris Trucks Savants Electro Luxe 165mm 43° RKP","Kilmer 80a",,100
1715,"Hibiscus Complet",,1694-1715,variable,1694,"Paris Trucks Savants Electro Luxe 165mm 43° RKP","Skiffs 86a",,100
1716,"Hibiscus Complet",,1694-1716,variable,1694,"Paris Trucks Savants Electro Luxe 165mm 43° RKP","Skiffs 83a",,100
1717,"Hibiscus Complet",,1694-1717,variable,1694,"Paris Trucks Savants Electro Luxe 165mm 43° RKP","Skiffs 80a",,100
1718,"Hibiscus Complet",,1694-1718,variable,1694,"Paris Trucks Savants Electro Luxe 165mm 43° RKP","Onsen 100a",,100
1720,"Hibiscus Complet",,1694-1720,variable,1694,"Paris Trucks Savants Electro Luxe 165mm 43° RKP","Zenit 78a - 70mm",,100
1723,"Hibiscus Complet",,1694-1723,variable,1694,"Paris Trucks Savants Gunmetal Grey 165mm 43° RKP","Kilmer 83a",,100
1722,"Hibiscus Complet",,1694-1722,variable,1694,"Paris Trucks Savants Gunmetal Grey 165mm 43° RKP","Kegels 83a",,100
1718,"Hibiscus Complet",,1694-1718,variable,1694,"Paris Trucks Savants Electro Luxe 165mm 43° RKP","Onsen 100a",,100
1717,"Hibiscus Complet",,1694-1717,variable,1694,"Paris Trucks Savants Electro Luxe 165mm 43° RKP","Skiffs 80a",,100
1723,"Hibiscus Complet",,1694-1723,variable,1694,"Paris Trucks Savants Gunmetal Grey 165mm 43° RKP","Kilmer 83a",,100
1722,"Hibiscus Complet",,1694-1722,variable,1694,"Paris Trucks Savants Gunmetal Grey 165mm 43° RKP","Kegels 83a",,100
1720,"Hibiscus Complet",,1694-1720,variable,1694,"Paris Trucks Savants Electro Luxe 165mm 43° RKP","Zenit 78a - 70mm",,100
1719,"Hibiscus Complet",,1694-1719,variable,1694,"Paris Trucks Savants Electro Luxe 165mm 43° RKP","Zenit 78a - 60mm",,100
1705,"Hibiscus Complet",,1694-1705,variable,1694,"Paris Trucks Savants Gunmetal grey 165mm 50° RKP","Onsen 100a",,100
1702,"Hibiscus Complet",,1694-1702,variable,1694,"Paris Trucks Savants Gunmetal grey 165mm 50° RKP","Skiffs 86a",,100
1706,"Hibiscus Complet",,1694-1706,variable,1694,"Paris Trucks Savants Gunmetal grey 165mm 50° RKP","Zenit 78a - 60mm",,100
1707,"Hibiscus Complet",,1694-1707,variable,1694,"Paris Trucks Savants Gunmetal grey 165mm 50° RKP","Zenit 78a - 70mm",,100
1708,"Hibiscus Complet",,1694-1708,variable,1694,"Paris Trucks Savants Electro Luxe 165mm 43° RKP","Kegels 80a",,100
1709,"Hibiscus Complet",,1694-1709,variable,1694,"Paris Trucks Savants Electro Luxe 165mm 43° RKP","Kegels 83a",,100
1704,"Hibiscus Complet",,1694-1704,variable,1694,"Paris Trucks Savants Gunmetal grey 165mm 50° RKP","Skiffs 80a",,100
1703,"Hibiscus Complet",,1694-1703,variable,1694,"Paris Trucks Savants Gunmetal grey 165mm 50° RKP","Skiffs 83a",,100
1695,"Hibiscus Complet",,1694-1695,variable,1694,"Paris Trucks Savants Gunmetal grey 165mm 50° RKP","Kegels 80a",,100
1696,"Hibiscus Complet",,1694-1696,variable,1694,"Paris Trucks Savants Gunmetal grey 165mm 50° RKP","Kegels 83a",,100
1697,"Hibiscus Complet",,1694-1697,variable,1694,"Paris Trucks Savants Gunmetal grey 165mm 50° RKP","Kilmer 83a",,100
1698,"Hibiscus Complet",,1694-1698,variable,1694,"Paris Trucks Savants Gunmetal grey 165mm 50° RKP","Kilmer 80a",,100
1699,"Hibiscus Complet",,1694-1699,variable,1694,"Paris Trucks Savants Gunmetal grey 165mm 50° RKP","Orangatang Keanu 86a 66mm",,100
1700,"Hibiscus Complet",,1694-1700,variable,1694,"Paris Trucks Savants Gunmetal grey 165mm 50° RKP","Orangatang Keanu 83a 66mm",,100
1701,"Hibiscus Complet",,1694-1701,variable,1694,"Paris Trucks Savants Gunmetal grey 165mm 50° RKP","Orangatang Keanu 80a 66mm",,100
565,Hibiscus,,565,simple,0,,,a:0:{},120
564,Alaia,,564,simple,0,,,a:0:{},120
563,"MARBLE 40",,563,simple,0,,,a:0:{},190
562,"MARBLE 38",,562,simple,0,,,a:0:{},190
561,"ROCKET V2",,561,simple,0,,,a:0:{},200
560,JIG,,560,simple,0,,,a:0:{},200
559,AB,,559,simple,0,,,a:0:{},200
558,"Morning Wood",,558,simple,0,,,a:0:{},150
555,Cruise,,555,simple,0,,,a:0:{},140
554,Choka,,554,simple,0,,,a:0:{},120
566,Shred,,566,simple,0,,,a:0:{},150
