id,Title,Content,Excerpt,Date,"Post Type",Permalink,"Parent Product ID",SKU,Price,"Regular Price","Sale Price","Stock Status",Stock,Visibility,"External Product URL","Total Sales","Attribute Name (pa_trucks)","Attribute Value (pa_trucks)","Attribute In Variations (pa_trucks)","Attribute Is Visible (pa_trucks)","Attribute Is Taxonomy (pa_trucks)","Attribute Name (pa_wheels)","Attribute Value (pa_wheels)","Attribute In Variations (pa_wheels)","Attribute Is Visible (pa_wheels)","Attribute Is Taxonomy (pa_wheels)","Shipping Class","Image URL","Image Title","Image Caption","Image Description","Image Alt Text","Attachment URL","Product Type","Product Categories","Product Tags",Status,Author,Slug,Format,Template,"Parent Slug",Order,"Comment Status","Ping Status","Post Modified Date",Downloadable,Virtual,"Purchase Note",Featured,Weight,Length,Width,Height,"Sale Price Dates From","Sale Price Dates To","Sold IndivIDually","Manage Stock",Up-Sells,Cross-Sells,"Downloadable Files Paths","Downloadable Files Names","Download Limit","Download Expiry","Download Type","Button Text",Backorders,"Tax Status","Tax Class","Product Image Gallery","Default Attributes","Product Attributes","Product Version","Variation Description","WC Rating Count","WC Review Count","WC Average Rating","Max Sale Price Variation ID","Min Sale Price Variation ID","Max Variation Sale Price","Min Variation Sale Price","Max Regular Price Variation ID","Min Regular Price Variation ID","Max Variation Regular Price","Min Variation Regular Price","Max Price Variation ID","Min Price Variation ID","Max Variation Price","Min Variation Price","Out of stock?",Section,"Section 1 - icone","Section 2 - icone","Section 3 - icone","Section 1 -  Titre","Section 2 -  Titre","Section 3 -  Titre","Section 1 - Description","Section 2 - Description","Section 3 - Description","Texte en blanc?",Sous-titre,"Visionneuse haut","Fond de lentête",Longueur,Largeur,Wheelbase,Spécifications,"Spécification en noir","Lien vers le complete","Nom et Nom complet","Tag line",Description,"Grosse image","Position géographique","Username Instagram",Map,"Section gauche","Section droite","Liste des vidéos","Catégorie sélectionnée","Section : Visionneuse","Section : Texte dinformation (titre)","Section : Texte dinformation (texte)","Section : Newsletter","Section : Newsletter (image)","Fond de lentête","Section : Texte dinformation (titre)","Section : Texte dinformation (texte)","Fond de lentête","Section : Texte dinformation (titre)","Section : Texte dinformation (texte)","Fond de l'entête","Section : Texte d'information (titre)","Section : Texte d'information (texte)"
1915,"Hibiscus Complet",,,20170405,product,http://www.zenitboards.com/product/hibiscus-complet/?attribute_pa_trucks=independent-forged-titanium-stg-11-169mm&attribute_pa_wheels=zenit-78a-70mm,1694,1694-1915,,,,instock,,,,,Trucks,"Independent - Forged Titanium Stg 11 - 169mm",yes,yes,yes,Wheels,"Zenit 78a - 70mm",yes,yes,yes,,,,,,,,variable,,,publish,3,hibiscus-complet,,,hibiscus-complet,0,open,closed,20170405,,,,,,,,,,,,,,,,,,,,,,,,,,,,,,,,,,,,,,,,,,,,,,,,,,,,,,,,,,,,,,,,,,,,,,,,,,,,,,,,,,,,,,,,,
1914,"Hibiscus Complet",,,20170405,product,http://www.zenitboards.com/product/hibiscus-complet/?attribute_pa_trucks=independent-forged-titanium-stg-11-169mm&attribute_pa_wheels=zenit-78a-60mm,1694,1694-1914,,,,instock,,,,,Trucks,"Independent - Forged Titanium Stg 11 - 169mm",yes,yes,yes,Wheels,"Zenit 78a - 60mm",yes,yes,yes,,,,,,,,variable,,,publish,3,hibiscus-complet,,,hibiscus-complet,0,open,closed,20170405,,,,,,,,,,,,,,,,,,,,,,,,,,,,,,,,,,,,,,,,,,,,,,,,,,,,,,,,,,,,,,,,,,,,,,,,,,,,,,,,,,,,,,,,,
1911,"Hibiscus Complet",,,20170405,product,http://www.zenitboards.com/product/hibiscus-complet/?attribute_pa_trucks=independent-forged-titanium-stg-11-169mm&attribute_pa_wheels=skiffs83a,1694,1694-1911,,,,instock,,,,,Trucks,"Independent - Forged Titanium Stg 11 - 169mm",yes,yes,yes,Wheels,"Skiffs 83a",yes,yes,yes,,,,,,,,variable,,,publish,3,hibiscus-complet,,,hibiscus-complet,0,open,closed,20170405,,,,,,,,,,,,,,,,,,,,,,,,,,,,,,,,,,,,,,,,,,,,,,,,,,,,,,,,,,,,,,,,,,,,,,,,,,,,,,,,,,,,,,,,,
1910,"Hibiscus Complet",,,20170405,product,http://www.zenitboards.com/product/hibiscus-complet/?attribute_pa_trucks=independent-forged-titanium-stg-11-169mm&attribute_pa_wheels=skiffs86a,1694,1694-1910,,,,instock,,,,,Trucks,"Independent - Forged Titanium Stg 11 - 169mm",yes,yes,yes,Wheels,"Skiffs 86a",yes,yes,yes,,,,,,,,variable,,,publish,3,hibiscus-complet,,,hibiscus-complet,0,open,closed,20170405,,,,,,,,,,,,,,,,,,,,,,,,,,,,,,,,,,,,,,,,,,,,,,,,,,,,,,,,,,,,,,,,,,,,,,,,,,,,,,,,,,,,,,,,,
1913,"Hibiscus Complet",,,20170405,product,http://www.zenitboards.com/product/hibiscus-complet/?attribute_pa_trucks=independent-forged-titanium-stg-11-169mm&attribute_pa_wheels=onsens,1694,1694-1913,,,,instock,,,,,Trucks,"Independent - Forged Titanium Stg 11 - 169mm",yes,yes,yes,Wheels,"Onsen 100a",yes,yes,yes,,,,,,,,variable,,,publish,3,hibiscus-complet,,,hibiscus-complet,0,open,closed,20170405,,,,,,,,,,,,,,,,,,,,,,,,,,,,,,,,,,,,,,,,,,,,,,,,,,,,,,,,,,,,,,,,,,,,,,,,,,,,,,,,,,,,,,,,,
1912,"Hibiscus Complet",,,20170405,product,http://www.zenitboards.com/product/hibiscus-complet/?attribute_pa_trucks=independent-forged-titanium-stg-11-169mm&attribute_pa_wheels=skiffs80a,1694,1694-1912,,,,instock,,,,,Trucks,"Independent - Forged Titanium Stg 11 - 169mm",yes,yes,yes,Wheels,"Skiffs 80a",yes,yes,yes,,,,,,,,variable,,,publish,3,hibiscus-complet,,,hibiscus-complet,0,open,closed,20170405,,,,,,,,,,,,,,,,,,,,,,,,,,,,,,,,,,,,,,,,,,,,,,,,,,,,,,,,,,,,,,,,,,,,,,,,,,,,,,,,,,,,,,,,,
1906,"Hibiscus Complet",,,20170405,product,http://www.zenitboards.com/product/hibiscus-complet/?attribute_pa_trucks=independent-forged-titanium-stg-11-169mm&attribute_pa_wheels=kilmer-80a,1694,1694-1906,,,,instock,,,,,Trucks,"Independent - Forged Titanium Stg 11 - 169mm",yes,yes,yes,Wheels,"Kilmer 80a",yes,yes,yes,,,,,,,,variable,,,publish,3,hibiscus-complet,,,hibiscus-complet,0,open,closed,20170405,,,,,,,,,,,,,,,,,,,,,,,,,,,,,,,,,,,,,,,,,,,,,,,,,,,,,,,,,,,,,,,,,,,,,,,,,,,,,,,,,,,,,,,,,
1907,"Hibiscus Complet",,,20170405,product,http://www.zenitboards.com/product/hibiscus-complet/?attribute_pa_trucks=independent-forged-titanium-stg-11-169mm&attribute_pa_wheels=keanu86a,1694,1694-1907,,,,instock,,,,,Trucks,"Independent - Forged Titanium Stg 11 - 169mm",yes,yes,yes,Wheels,"Orangatang Keanu 86a 66mm",yes,yes,yes,,,,,,,,variable,,,publish,3,hibiscus-complet,,,hibiscus-complet,0,open,closed,20170405,,,,,,,,,,,,,,,,,,,,,,,,,,,,,,,,,,,,,,,,,,,,,,,,,,,,,,,,,,,,,,,,,,,,,,,,,,,,,,,,,,,,,,,,,
1908,"Hibiscus Complet",,,20170405,product,http://www.zenitboards.com/product/hibiscus-complet/?attribute_pa_trucks=independent-forged-titanium-stg-11-169mm&attribute_pa_wheels=keanu83a,1694,1694-1908,,,,instock,,,,,Trucks,"Independent - Forged Titanium Stg 11 - 169mm",yes,yes,yes,Wheels,"Orangatang Keanu 83a 66mm",yes,yes,yes,,,,,,,,variable,,,publish,3,hibiscus-complet,,,hibiscus-complet,0,open,closed,20170405,,,,,,,,,,,,,,,,,,,,,,,,,,,,,,,,,,,,,,,,,,,,,,,,,,,,,,,,,,,,,,,,,,,,,,,,,,,,,,,,,,,,,,,,,
1909,"Hibiscus Complet",,,20170405,product,http://www.zenitboards.com/product/hibiscus-complet/?attribute_pa_trucks=independent-forged-titanium-stg-11-169mm&attribute_pa_wheels=keanu80a,1694,1694-1909,,,,instock,,,,,Trucks,"Independent - Forged Titanium Stg 11 - 169mm",yes,yes,yes,Wheels,"Orangatang Keanu 80a 66mm",yes,yes,yes,,,,,,,,variable,,,publish,3,hibiscus-complet,,,hibiscus-complet,0,open,closed,20170405,,,,,,,,,,,,,,,,,,,,,,,,,,,,,,,,,,,,,,,,,,,,,,,,,,,,,,,,,,,,,,,,,,,,,,,,,,,,,,,,,,,,,,,,,
1905,"Hibiscus Complet",,,20170405,product,http://www.zenitboards.com/product/hibiscus-complet/?attribute_pa_trucks=independent-forged-titanium-stg-11-169mm&attribute_pa_wheels=kilmer83a,1694,1694-1905,,,,instock,,,,,Trucks,"Independent - Forged Titanium Stg 11 - 169mm",yes,yes,yes,Wheels,"Kilmer 83a",yes,yes,yes,,,,,,,,variable,,,publish,3,hibiscus-complet,,,hibiscus-complet,0,open,closed,20170405,,,,,,,,,,,,,,,,,,,,,,,,,,,,,,,,,,,,,,,,,,,,,,,,,,,,,,,,,,,,,,,,,,,,,,,,,,,,,,,,,,,,,,,,,
1903,"Hibiscus Complet",,,20170405,product,http://www.zenitboards.com/product/hibiscus-complet/?attribute_pa_trucks=independent-forged-titanium-stg-11-169mm&attribute_pa_wheels=kegels80a,1694,1694-1903,,,,instock,,,,,Trucks,"Independent - Forged Titanium Stg 11 - 169mm",yes,yes,yes,Wheels,"Kegels 80a",yes,yes,yes,,,,,,,,variable,,,publish,3,hibiscus-complet,,,hibiscus-complet,0,open,closed,20170405,,,,,,,,,,,,,,,,,,,,,,,,,,,,,,,,,,,,,,,,,,,,,,,,,,,,,,,,,,,,,,,,,,,,,,,,,,,,,,,,,,,,,,,,,
1901,"Hibiscus Complet",,,20170405,product,http://www.zenitboards.com/product/hibiscus-complet/?attribute_pa_trucks=paris169tkp&attribute_pa_wheels=zenit-78a-60mm,1694,1694-1901,,,,instock,,,,,Trucks,"Paris Street Trucks RAW 169mm TKP",yes,yes,yes,Wheels,"Zenit 78a - 60mm",yes,yes,yes,,,,,,,,variable,,,publish,3,hibiscus-complet,,,hibiscus-complet,0,open,closed,20170405,,,,,,,,,,,,,,,,,,,,,,,,,,,,,,,,,,,,,,,,,,,,,,,,,,,,,,,,,,,,,,,,,,,,,,,,,,,,,,,,,,,,,,,,,
1900,"Hibiscus Complet",,,20170405,product,http://www.zenitboards.com/product/hibiscus-complet/?attribute_pa_trucks=paris169tkp&attribute_pa_wheels=onsens,1694,1694-1900,,,,instock,,,,,Trucks,"Paris Street Trucks RAW 169mm TKP",yes,yes,yes,Wheels,"Onsen 100a",yes,yes,yes,,,,,,,,variable,,,publish,3,hibiscus-complet,,,hibiscus-complet,0,open,closed,20170405,,,,,,,,,,,,,,,,,,,,,,,,,,,,,,,,,,,,,,,,,,,,,,,,,,,,,,,,,,,,,,,,,,,,,,,,,,,,,,,,,,,,,,,,,
1904,"Hibiscus Complet",,,20170405,product,http://www.zenitboards.com/product/hibiscus-complet/?attribute_pa_trucks=independent-forged-titanium-stg-11-169mm&attribute_pa_wheels=kegel83a,1694,1694-1904,,,,instock,,,,,Trucks,"Independent - Forged Titanium Stg 11 - 169mm",yes,yes,yes,Wheels,"Kegels 83a",yes,yes,yes,,,,,,,,variable,,,publish,3,hibiscus-complet,,,hibiscus-complet,0,open,closed,20170405,,,,,,,,,,,,,,,,,,,,,,,,,,,,,,,,,,,,,,,,,,,,,,,,,,,,,,,,,,,,,,,,,,,,,,,,,,,,,,,,,,,,,,,,,
1902,"Hibiscus Complet",,,20170405,product,http://www.zenitboards.com/product/hibiscus-complet/?attribute_pa_trucks=paris169tkp&attribute_pa_wheels=zenit-78a-70mm,1694,1694-1902,,,,instock,,,,,Trucks,"Paris Street Trucks RAW 169mm TKP",yes,yes,yes,Wheels,"Zenit 78a - 70mm",yes,yes,yes,,,,,,,,variable,,,publish,3,hibiscus-complet,,,hibiscus-complet,0,open,closed,20170405,,,,,,,,,,,,,,,,,,,,,,,,,,,,,,,,,,,,,,,,,,,,,,,,,,,,,,,,,,,,,,,,,,,,,,,,,,,,,,,,,,,,,,,,,
1897,"Hibiscus Complet",,,20170405,product,http://www.zenitboards.com/product/hibiscus-complet/?attribute_pa_trucks=paris169tkp&attribute_pa_wheels=skiffs86a,1694,1694-1897,,,,instock,,,,,Trucks,"Paris Street Trucks RAW 169mm TKP",yes,yes,yes,Wheels,"Skiffs 86a",yes,yes,yes,,,,,,,,variable,,,publish,3,hibiscus-complet,,,hibiscus-complet,0,open,closed,20170405,,,,,,,,,,,,,,,,,,,,,,,,,,,,,,,,,,,,,,,,,,,,,,,,,,,,,,,,,,,,,,,,,,,,,,,,,,,,,,,,,,,,,,,,,
1896,"Hibiscus Complet",,,20170405,product,http://www.zenitboards.com/product/hibiscus-complet/?attribute_pa_trucks=paris169tkp&attribute_pa_wheels=keanu80a,1694,1694-1896,,,,instock,,,,,Trucks,"Paris Street Trucks RAW 169mm TKP",yes,yes,yes,Wheels,"Orangatang Keanu 80a 66mm",yes,yes,yes,,,,,,,,variable,,,publish,3,hibiscus-complet,,,hibiscus-complet,0,open,closed,20170405,,,,,,,,,,,,,,,,,,,,,,,,,,,,,,,,,,,,,,,,,,,,,,,,,,,,,,,,,,,,,,,,,,,,,,,,,,,,,,,,,,,,,,,,,
1895,"Hibiscus Complet",,,20170405,product,http://www.zenitboards.com/product/hibiscus-complet/?attribute_pa_trucks=paris169tkp&attribute_pa_wheels=keanu83a,1694,1694-1895,,,,instock,,,,,Trucks,"Paris Street Trucks RAW 169mm TKP",yes,yes,yes,Wheels,"Orangatang Keanu 83a 66mm",yes,yes,yes,,,,,,,,variable,,,publish,3,hibiscus-complet,,,hibiscus-complet,0,open,closed,20170405,,,,,,,,,,,,,,,,,,,,,,,,,,,,,,,,,,,,,,,,,,,,,,,,,,,,,,,,,,,,,,,,,,,,,,,,,,,,,,,,,,,,,,,,,
1898,"Hibiscus Complet",,,20170405,product,http://www.zenitboards.com/product/hibiscus-complet/?attribute_pa_trucks=paris169tkp&attribute_pa_wheels=skiffs83a,1694,1694-1898,,,,instock,,,,,Trucks,"Paris Street Trucks RAW 169mm TKP",yes,yes,yes,Wheels,"Skiffs 83a",yes,yes,yes,,,,,,,,variable,,,publish,3,hibiscus-complet,,,hibiscus-complet,0,open,closed,20170405,,,,,,,,,,,,,,,,,,,,,,,,,,,,,,,,,,,,,,,,,,,,,,,,,,,,,,,,,,,,,,,,,,,,,,,,,,,,,,,,,,,,,,,,,
1899,"Hibiscus Complet",,,20170405,product,http://www.zenitboards.com/product/hibiscus-complet/?attribute_pa_trucks=paris169tkp&attribute_pa_wheels=skiffs80a,1694,1694-1899,,,,instock,,,,,Trucks,"Paris Street Trucks RAW 169mm TKP",yes,yes,yes,Wheels,"Skiffs 80a",yes,yes,yes,,,,,,,,variable,,,publish,3,hibiscus-complet,,,hibiscus-complet,0,open,closed,20170405,,,,,,,,,,,,,,,,,,,,,,,,,,,,,,,,,,,,,,,,,,,,,,,,,,,,,,,,,,,,,,,,,,,,,,,,,,,,,,,,,,,,,,,,,
1892,"Hibiscus Complet",,,20170405,product,http://www.zenitboards.com/product/hibiscus-complet/?attribute_pa_trucks=paris169tkp&attribute_pa_wheels=kilmer83a,1694,1694-1892,,,,instock,,,,,Trucks,"Paris Street Trucks RAW 169mm TKP",yes,yes,yes,Wheels,"Kilmer 83a",yes,yes,yes,,,,,,,,variable,,,publish,3,hibiscus-complet,,,hibiscus-complet,0,open,closed,20170405,,,,,,,,,,,,,,,,,,,,,,,,,,,,,,,,,,,,,,,,,,,,,,,,,,,,,,,,,,,,,,,,,,,,,,,,,,,,,,,,,,,,,,,,,
1894,"Hibiscus Complet",,,20170405,product,http://www.zenitboards.com/product/hibiscus-complet/?attribute_pa_trucks=paris169tkp&attribute_pa_wheels=keanu86a,1694,1694-1894,,,,instock,,,,,Trucks,"Paris Street Trucks RAW 169mm TKP",yes,yes,yes,Wheels,"Orangatang Keanu 86a 66mm",yes,yes,yes,,,,,,,,variable,,,publish,3,hibiscus-complet,,,hibiscus-complet,0,open,closed,20170405,,,,,,,,,,,,,,,,,,,,,,,,,,,,,,,,,,,,,,,,,,,,,,,,,,,,,,,,,,,,,,,,,,,,,,,,,,,,,,,,,,,,,,,,,
1893,"Hibiscus Complet",,,20170405,product,http://www.zenitboards.com/product/hibiscus-complet/?attribute_pa_trucks=paris169tkp&attribute_pa_wheels=kilmer-80a,1694,1694-1893,,,,instock,,,,,Trucks,"Paris Street Trucks RAW 169mm TKP",yes,yes,yes,Wheels,"Kilmer 80a",yes,yes,yes,,,,,,,,variable,,,publish,3,hibiscus-complet,,,hibiscus-complet,0,open,closed,20170405,,,,,,,,,,,,,,,,,,,,,,,,,,,,,,,,,,,,,,,,,,,,,,,,,,,,,,,,,,,,,,,,,,,,,,,,,,,,,,,,,,,,,,,,,
1891,"Hibiscus Complet",,,20170405,product,http://www.zenitboards.com/product/hibiscus-complet/?attribute_pa_trucks=paris169tkp&attribute_pa_wheels=kegel83a,1694,1694-1891,,,,instock,,,,,Trucks,"Paris Street Trucks RAW 169mm TKP",yes,yes,yes,Wheels,"Kegels 83a",yes,yes,yes,,,,,,,,variable,,,publish,3,hibiscus-complet,,,hibiscus-complet,0,open,closed,20170405,,,,,,,,,,,,,,,,,,,,,,,,,,,,,,,,,,,,,,,,,,,,,,,,,,,,,,,,,,,,,,,,,,,,,,,,,,,,,,,,,,,,,,,,,
1890,"Hibiscus Complet",,,20170405,product,http://www.zenitboards.com/product/hibiscus-complet/?attribute_pa_trucks=paris169tkp&attribute_pa_wheels=kegels80a,1694,1694-1890,,,,instock,,,,,Trucks,"Paris Street Trucks RAW 169mm TKP",yes,yes,yes,Wheels,"Kegels 80a",yes,yes,yes,,,,,,,,variable,,,publish,3,hibiscus-complet,,,hibiscus-complet,0,open,closed,20170405,,,,,,,,,,,,,,,,,,,,,,,,,,,,,,,,,,,,,,,,,,,,,,,,,,,,,,,,,,,,,,,,,,,,,,,,,,,,,,,,,,,,,,,,,
1887,"Hibiscus Complet",,,20170405,product,http://www.zenitboards.com/product/hibiscus-complet/?attribute_pa_trucks=150mmblack&attribute_pa_wheels=onsens,1694,1694-1887,,,,instock,,,,,Trucks,"Paris Trucks Black 150mm 50° RKP",yes,yes,yes,Wheels,"Onsen 100a",yes,yes,yes,,,,,,,,variable,,,publish,3,hibiscus-complet,,,hibiscus-complet,0,open,closed,20170405,,,,,,,,,,,,,,,,,,,,,,,,,,,,,,,,,,,,,,,,,,,,,,,,,,,,,,,,,,,,,,,,,,,,,,,,,,,,,,,,,,,,,,,,,
1888,"Hibiscus Complet",,,20170405,product,http://www.zenitboards.com/product/hibiscus-complet/?attribute_pa_trucks=150mmblack&attribute_pa_wheels=zenit-78a-60mm,1694,1694-1888,,,,instock,,,,,Trucks,"Paris Trucks Black 150mm 50° RKP",yes,yes,yes,Wheels,"Zenit 78a - 60mm",yes,yes,yes,,,,,,,,variable,,,publish,3,hibiscus-complet,,,hibiscus-complet,0,open,closed,20170405,,,,,,,,,,,,,,,,,,,,,,,,,,,,,,,,,,,,,,,,,,,,,,,,,,,,,,,,,,,,,,,,,,,,,,,,,,,,,,,,,,,,,,,,,
1889,"Hibiscus Complet",,,20170405,product,http://www.zenitboards.com/product/hibiscus-complet/?attribute_pa_trucks=150mmblack&attribute_pa_wheels=zenit-78a-70mm,1694,1694-1889,,,,instock,,,,,Trucks,"Paris Trucks Black 150mm 50° RKP",yes,yes,yes,Wheels,"Zenit 78a - 70mm",yes,yes,yes,,,,,,,,variable,,,publish,3,hibiscus-complet,,,hibiscus-complet,0,open,closed,20170405,,,,,,,,,,,,,,,,,,,,,,,,,,,,,,,,,,,,,,,,,,,,,,,,,,,,,,,,,,,,,,,,,,,,,,,,,,,,,,,,,,,,,,,,,
1884,"Hibiscus Complet",,,20170405,product,http://www.zenitboards.com/product/hibiscus-complet/?attribute_pa_trucks=150mmblack&attribute_pa_wheels=skiffs86a,1694,1694-1884,,,,instock,,,,,Trucks,"Paris Trucks Black 150mm 50° RKP",yes,yes,yes,Wheels,"Skiffs 86a",yes,yes,yes,,,,,,,,variable,,,publish,3,hibiscus-complet,,,hibiscus-complet,0,open,closed,20170405,,,,,,,,,,,,,,,,,,,,,,,,,,,,,,,,,,,,,,,,,,,,,,,,,,,,,,,,,,,,,,,,,,,,,,,,,,,,,,,,,,,,,,,,,
1882,"Hibiscus Complet",,,20170405,product,http://www.zenitboards.com/product/hibiscus-complet/?attribute_pa_trucks=150mmblack&attribute_pa_wheels=keanu83a,1694,1694-1882,,,,instock,,,,,Trucks,"Paris Trucks Black 150mm 50° RKP",yes,yes,yes,Wheels,"Orangatang Keanu 83a 66mm",yes,yes,yes,,,,,,,,variable,,,publish,3,hibiscus-complet,,,hibiscus-complet,0,open,closed,20170405,,,,,,,,,,,,,,,,,,,,,,,,,,,,,,,,,,,,,,,,,,,,,,,,,,,,,,,,,,,,,,,,,,,,,,,,,,,,,,,,,,,,,,,,,
1883,"Hibiscus Complet",,,20170405,product,http://www.zenitboards.com/product/hibiscus-complet/?attribute_pa_trucks=150mmblack&attribute_pa_wheels=keanu80a,1694,1694-1883,,,,instock,,,,,Trucks,"Paris Trucks Black 150mm 50° RKP",yes,yes,yes,Wheels,"Orangatang Keanu 80a 66mm",yes,yes,yes,,,,,,,,variable,,,publish,3,hibiscus-complet,,,hibiscus-complet,0,open,closed,20170405,,,,,,,,,,,,,,,,,,,,,,,,,,,,,,,,,,,,,,,,,,,,,,,,,,,,,,,,,,,,,,,,,,,,,,,,,,,,,,,,,,,,,,,,,
1885,"Hibiscus Complet",,,20170405,product,http://www.zenitboards.com/product/hibiscus-complet/?attribute_pa_trucks=150mmblack&attribute_pa_wheels=skiffs83a,1694,1694-1885,,,,instock,,,,,Trucks,"Paris Trucks Black 150mm 50° RKP",yes,yes,yes,Wheels,"Skiffs 83a",yes,yes,yes,,,,,,,,variable,,,publish,3,hibiscus-complet,,,hibiscus-complet,0,open,closed,20170405,,,,,,,,,,,,,,,,,,,,,,,,,,,,,,,,,,,,,,,,,,,,,,,,,,,,,,,,,,,,,,,,,,,,,,,,,,,,,,,,,,,,,,,,,
1886,"Hibiscus Complet",,,20170405,product,http://www.zenitboards.com/product/hibiscus-complet/?attribute_pa_trucks=150mmblack&attribute_pa_wheels=skiffs80a,1694,1694-1886,,,,instock,,,,,Trucks,"Paris Trucks Black 150mm 50° RKP",yes,yes,yes,Wheels,"Skiffs 80a",yes,yes,yes,,,,,,,,variable,,,publish,3,hibiscus-complet,,,hibiscus-complet,0,open,closed,20170405,,,,,,,,,,,,,,,,,,,,,,,,,,,,,,,,,,,,,,,,,,,,,,,,,,,,,,,,,,,,,,,,,,,,,,,,,,,,,,,,,,,,,,,,,
1881,"Hibiscus Complet",,,20170405,product,http://www.zenitboards.com/product/hibiscus-complet/?attribute_pa_trucks=150mmblack&attribute_pa_wheels=keanu86a,1694,1694-1881,,,,instock,,,,,Trucks,"Paris Trucks Black 150mm 50° RKP",yes,yes,yes,Wheels,"Orangatang Keanu 86a 66mm",yes,yes,yes,,,,,,,,variable,,,publish,3,hibiscus-complet,,,hibiscus-complet,0,open,closed,20170405,,,,,,,,,,,,,,,,,,,,,,,,,,,,,,,,,,,,,,,,,,,,,,,,,,,,,,,,,,,,,,,,,,,,,,,,,,,,,,,,,,,,,,,,,
1880,"Hibiscus Complet",,,20170405,product,http://www.zenitboards.com/product/hibiscus-complet/?attribute_pa_trucks=150mmblack&attribute_pa_wheels=kilmer-80a,1694,1694-1880,,,,instock,,,,,Trucks,"Paris Trucks Black 150mm 50° RKP",yes,yes,yes,Wheels,"Kilmer 80a",yes,yes,yes,,,,,,,,variable,,,publish,3,hibiscus-complet,,,hibiscus-complet,0,open,closed,20170405,,,,,,,,,,,,,,,,,,,,,,,,,,,,,,,,,,,,,,,,,,,,,,,,,,,,,,,,,,,,,,,,,,,,,,,,,,,,,,,,,,,,,,,,,
1878,"Hibiscus Complet",,,20170405,product,http://www.zenitboards.com/product/hibiscus-complet/?attribute_pa_trucks=150mmblack&attribute_pa_wheels=kegel83a,1694,1694-1878,,,,instock,,,,,Trucks,"Paris Trucks Black 150mm 50° RKP",yes,yes,yes,Wheels,"Kegels 83a",yes,yes,yes,,,,,,,,variable,,,publish,3,hibiscus-complet,,,hibiscus-complet,0,open,closed,20170405,,,,,,,,,,,,,,,,,,,,,,,,,,,,,,,,,,,,,,,,,,,,,,,,,,,,,,,,,,,,,,,,,,,,,,,,,,,,,,,,,,,,,,,,,
1876,"Hibiscus Complet",,,20170405,product,http://www.zenitboards.com/product/hibiscus-complet/?attribute_pa_trucks=tiffany50&attribute_pa_wheels=zenit-78a-70mm,1694,1694-1876,,,,instock,,,,,Trucks,"Paris Trucks Tiffany White 180mm 50° RKP",yes,yes,yes,Wheels,"Zenit 78a - 70mm",yes,yes,yes,,,,,,,,variable,,,publish,3,hibiscus-complet,,,hibiscus-complet,0,open,closed,20170405,,,,,,,,,,,,,,,,,,,,,,,,,,,,,,,,,,,,,,,,,,,,,,,,,,,,,,,,,,,,,,,,,,,,,,,,,,,,,,,,,,,,,,,,,
1877,"Hibiscus Complet",,,20170405,product,http://www.zenitboards.com/product/hibiscus-complet/?attribute_pa_trucks=150mmblack&attribute_pa_wheels=kegels80a,1694,1694-1877,,,,instock,,,,,Trucks,"Paris Trucks Black 150mm 50° RKP",yes,yes,yes,Wheels,"Kegels 80a",yes,yes,yes,,,,,,,,variable,,,publish,3,hibiscus-complet,,,hibiscus-complet,0,open,closed,20170405,,,,,,,,,,,,,,,,,,,,,,,,,,,,,,,,,,,,,,,,,,,,,,,,,,,,,,,,,,,,,,,,,,,,,,,,,,,,,,,,,,,,,,,,,
1879,"Hibiscus Complet",,,20170405,product,http://www.zenitboards.com/product/hibiscus-complet/?attribute_pa_trucks=150mmblack&attribute_pa_wheels=kilmer83a,1694,1694-1879,,,,instock,,,,,Trucks,"Paris Trucks Black 150mm 50° RKP",yes,yes,yes,Wheels,"Kilmer 83a",yes,yes,yes,,,,,,,,variable,,,publish,3,hibiscus-complet,,,hibiscus-complet,0,open,closed,20170405,,,,,,,,,,,,,,,,,,,,,,,,,,,,,,,,,,,,,,,,,,,,,,,,,,,,,,,,,,,,,,,,,,,,,,,,,,,,,,,,,,,,,,,,,
1871,"Hibiscus Complet",,,20170405,product,http://www.zenitboards.com/product/hibiscus-complet/?attribute_pa_trucks=tiffany50&attribute_pa_wheels=skiffs86a,1694,1694-1871,,,,instock,,,,,Trucks,"Paris Trucks Tiffany White 180mm 50° RKP",yes,yes,yes,Wheels,"Skiffs 86a",yes,yes,yes,,,,,,,,variable,,,publish,3,hibiscus-complet,,,hibiscus-complet,0,open,closed,20170405,,,,,,,,,,,,,,,,,,,,,,,,,,,,,,,,,,,,,,,,,,,,,,,,,,,,,,,,,,,,,,,,,,,,,,,,,,,,,,,,,,,,,,,,,
1873,"Hibiscus Complet",,,20170405,product,http://www.zenitboards.com/product/hibiscus-complet/?attribute_pa_trucks=tiffany50&attribute_pa_wheels=skiffs80a,1694,1694-1873,,,,instock,,,,,Trucks,"Paris Trucks Tiffany White 180mm 50° RKP",yes,yes,yes,Wheels,"Skiffs 80a",yes,yes,yes,,,,,,,,variable,,,publish,3,hibiscus-complet,,,hibiscus-complet,0,open,closed,20170405,,,,,,,,,,,,,,,,,,,,,,,,,,,,,,,,,,,,,,,,,,,,,,,,,,,,,,,,,,,,,,,,,,,,,,,,,,,,,,,,,,,,,,,,,
1870,"Hibiscus Complet",,,20170405,product,http://www.zenitboards.com/product/hibiscus-complet/?attribute_pa_trucks=tiffany50&attribute_pa_wheels=keanu80a,1694,1694-1870,,,,instock,,,,,Trucks,"Paris Trucks Tiffany White 180mm 50° RKP",yes,yes,yes,Wheels,"Orangatang Keanu 80a 66mm",yes,yes,yes,,,,,,,,variable,,,publish,3,hibiscus-complet,,,hibiscus-complet,0,open,closed,20170405,,,,,,,,,,,,,,,,,,,,,,,,,,,,,,,,,,,,,,,,,,,,,,,,,,,,,,,,,,,,,,,,,,,,,,,,,,,,,,,,,,,,,,,,,
1872,"Hibiscus Complet",,,20170405,product,http://www.zenitboards.com/product/hibiscus-complet/?attribute_pa_trucks=tiffany50&attribute_pa_wheels=skiffs83a,1694,1694-1872,,,,instock,,,,,Trucks,"Paris Trucks Tiffany White 180mm 50° RKP",yes,yes,yes,Wheels,"Skiffs 83a",yes,yes,yes,,,,,,,,variable,,,publish,3,hibiscus-complet,,,hibiscus-complet,0,open,closed,20170405,,,,,,,,,,,,,,,,,,,,,,,,,,,,,,,,,,,,,,,,,,,,,,,,,,,,,,,,,,,,,,,,,,,,,,,,,,,,,,,,,,,,,,,,,
1874,"Hibiscus Complet",,,20170405,product,http://www.zenitboards.com/product/hibiscus-complet/?attribute_pa_trucks=tiffany50&attribute_pa_wheels=onsens,1694,1694-1874,,,,instock,,,,,Trucks,"Paris Trucks Tiffany White 180mm 50° RKP",yes,yes,yes,Wheels,"Onsen 100a",yes,yes,yes,,,,,,,,variable,,,publish,3,hibiscus-complet,,,hibiscus-complet,0,open,closed,20170405,,,,,,,,,,,,,,,,,,,,,,,,,,,,,,,,,,,,,,,,,,,,,,,,,,,,,,,,,,,,,,,,,,,,,,,,,,,,,,,,,,,,,,,,,
1875,"Hibiscus Complet",,,20170405,product,http://www.zenitboards.com/product/hibiscus-complet/?attribute_pa_trucks=tiffany50&attribute_pa_wheels=zenit-78a-60mm,1694,1694-1875,,,,instock,,,,,Trucks,"Paris Trucks Tiffany White 180mm 50° RKP",yes,yes,yes,Wheels,"Zenit 78a - 60mm",yes,yes,yes,,,,,,,,variable,,,publish,3,hibiscus-complet,,,hibiscus-complet,0,open,closed,20170405,,,,,,,,,,,,,,,,,,,,,,,,,,,,,,,,,,,,,,,,,,,,,,,,,,,,,,,,,,,,,,,,,,,,,,,,,,,,,,,,,,,,,,,,,
1868,"Hibiscus Complet",,,20170405,product,http://www.zenitboards.com/product/hibiscus-complet/?attribute_pa_trucks=tiffany50&attribute_pa_wheels=keanu86a,1694,1694-1868,,,,instock,,,,,Trucks,"Paris Trucks Tiffany White 180mm 50° RKP",yes,yes,yes,Wheels,"Orangatang Keanu 86a 66mm",yes,yes,yes,,,,,,,,variable,,,publish,3,hibiscus-complet,,,hibiscus-complet,0,open,closed,20170405,,,,,,,,,,,,,,,,,,,,,,,,,,,,,,,,,,,,,,,,,,,,,,,,,,,,,,,,,,,,,,,,,,,,,,,,,,,,,,,,,,,,,,,,,
1865,"Hibiscus Complet",,,20170405,product,http://www.zenitboards.com/product/hibiscus-complet/?attribute_pa_trucks=tiffany50&attribute_pa_wheels=kegel83a,1694,1694-1865,,,,instock,,,,,Trucks,"Paris Trucks Tiffany White 180mm 50° RKP",yes,yes,yes,Wheels,"Kegels 83a",yes,yes,yes,,,,,,,,variable,,,publish,3,hibiscus-complet,,,hibiscus-complet,0,open,closed,20170405,,,,,,,,,,,,,,,,,,,,,,,,,,,,,,,,,,,,,,,,,,,,,,,,,,,,,,,,,,,,,,,,,,,,,,,,,,,,,,,,,,,,,,,,,
1869,"Hibiscus Complet",,,20170405,product,http://www.zenitboards.com/product/hibiscus-complet/?attribute_pa_trucks=tiffany50&attribute_pa_wheels=keanu83a,1694,1694-1869,,,,instock,,,,,Trucks,"Paris Trucks Tiffany White 180mm 50° RKP",yes,yes,yes,Wheels,"Orangatang Keanu 83a 66mm",yes,yes,yes,,,,,,,,variable,,,publish,3,hibiscus-complet,,,hibiscus-complet,0,open,closed,20170405,,,,,,,,,,,,,,,,,,,,,,,,,,,,,,,,,,,,,,,,,,,,,,,,,,,,,,,,,,,,,,,,,,,,,,,,,,,,,,,,,,,,,,,,,
1867,"Hibiscus Complet",,,20170405,product,http://www.zenitboards.com/product/hibiscus-complet/?attribute_pa_trucks=tiffany50&attribute_pa_wheels=kilmer-80a,1694,1694-1867,,,,instock,,,,,Trucks,"Paris Trucks Tiffany White 180mm 50° RKP",yes,yes,yes,Wheels,"Kilmer 80a",yes,yes,yes,,,,,,,,variable,,,publish,3,hibiscus-complet,,,hibiscus-complet,0,open,closed,20170405,,,,,,,,,,,,,,,,,,,,,,,,,,,,,,,,,,,,,,,,,,,,,,,,,,,,,,,,,,,,,,,,,,,,,,,,,,,,,,,,,,,,,,,,,
1864,"Hibiscus Complet",,,20170405,product,http://www.zenitboards.com/product/hibiscus-complet/?attribute_pa_trucks=tiffany50&attribute_pa_wheels=kegels80a,1694,1694-1864,,,,instock,,,,,Trucks,"Paris Trucks Tiffany White 180mm 50° RKP",yes,yes,yes,Wheels,"Kegels 80a",yes,yes,yes,,,,,,,,variable,,,publish,3,hibiscus-complet,,,hibiscus-complet,0,open,closed,20170405,,,,,,,,,,,,,,,,,,,,,,,,,,,,,,,,,,,,,,,,,,,,,,,,,,,,,,,,,,,,,,,,,,,,,,,,,,,,,,,,,,,,,,,,,
1868,"Hibiscus Complet",,,20170405,product,http://www.zenitboards.com/product/hibiscus-complet/?attribute_pa_trucks=tiffany50&attribute_pa_wheels=keanu86a,1694,1694-1868,,,,instock,,,,,Trucks,"Paris Trucks Tiffany White 180mm 50° RKP",yes,yes,yes,Wheels,"Orangatang Keanu 86a 66mm",yes,yes,yes,,,,,,,,variable,,,publish,3,hibiscus-complet,,,hibiscus-complet,0,open,closed,20170405,,,,,,,,,,,,,,,,,,,,,,,,,,,,,,,,,,,,,,,,,,,,,,,,,,,,,,,,,,,,,,,,,,,,,,,,,,,,,,,,,,,,,,,,,
1858,"Hibiscus Complet",,,20170405,product,http://www.zenitboards.com/product/hibiscus-complet/?attribute_pa_trucks=matteblack50&attribute_pa_wheels=skiffs86a,1694,1694-1858,,,,instock,,,,,Trucks,"Paris Trucks Matte Black 180mm 50° RKP",yes,yes,yes,Wheels,"Skiffs 86a",yes,yes,yes,,,,,,,,variable,,,publish,3,hibiscus-complet,,,hibiscus-complet,0,open,closed,20170405,,,,,,,,,,,,,,,,,,,,,,,,,,,,,,,,,,,,,,,,,,,,,,,,,,,,,,,,,,,,,,,,,,,,,,,,,,,,,,,,,,,,,,,,,
1863,"Hibiscus Complet",,,20170405,product,http://www.zenitboards.com/product/hibiscus-complet/?attribute_pa_trucks=matteblack50&attribute_pa_wheels=zenit-78a-70mm,1694,1694-1863,,,,instock,,,,,Trucks,"Paris Trucks Matte Black 180mm 50° RKP",yes,yes,yes,Wheels,"Zenit 78a - 70mm",yes,yes,yes,,,,,,,,variable,,,publish,3,hibiscus-complet,,,hibiscus-complet,0,open,closed,20170405,,,,,,,,,,,,,,,,,,,,,,,,,,,,,,,,,,,,,,,,,,,,,,,,,,,,,,,,,,,,,,,,,,,,,,,,,,,,,,,,,,,,,,,,,
1860,"Hibiscus Complet",,,20170405,product,http://www.zenitboards.com/product/hibiscus-complet/?attribute_pa_trucks=matteblack50&attribute_pa_wheels=skiffs80a,1694,1694-1860,,,,instock,,,,,Trucks,"Paris Trucks Matte Black 180mm 50° RKP",yes,yes,yes,Wheels,"Skiffs 80a",yes,yes,yes,,,,,,,,variable,,,publish,3,hibiscus-complet,,,hibiscus-complet,0,open,closed,20170405,,,,,,,,,,,,,,,,,,,,,,,,,,,,,,,,,,,,,,,,,,,,,,,,,,,,,,,,,,,,,,,,,,,,,,,,,,,,,,,,,,,,,,,,,
1862,"Hibiscus Complet",,,20170405,product,http://www.zenitboards.com/product/hibiscus-complet/?attribute_pa_trucks=matteblack50&attribute_pa_wheels=zenit-78a-60mm,1694,1694-1862,,,,instock,,,,,Trucks,"Paris Trucks Matte Black 180mm 50° RKP",yes,yes,yes,Wheels,"Zenit 78a - 60mm",yes,yes,yes,,,,,,,,variable,,,publish,3,hibiscus-complet,,,hibiscus-complet,0,open,closed,20170405,,,,,,,,,,,,,,,,,,,,,,,,,,,,,,,,,,,,,,,,,,,,,,,,,,,,,,,,,,,,,,,,,,,,,,,,,,,,,,,,,,,,,,,,,
1859,"Hibiscus Complet",,,20170405,product,http://www.zenitboards.com/product/hibiscus-complet/?attribute_pa_trucks=matteblack50&attribute_pa_wheels=skiffs83a,1694,1694-1859,,,,instock,,,,,Trucks,"Paris Trucks Matte Black 180mm 50° RKP",yes,yes,yes,Wheels,"Skiffs 83a",yes,yes,yes,,,,,,,,variable,,,publish,3,hibiscus-complet,,,hibiscus-complet,0,open,closed,20170405,,,,,,,,,,,,,,,,,,,,,,,,,,,,,,,,,,,,,,,,,,,,,,,,,,,,,,,,,,,,,,,,,,,,,,,,,,,,,,,,,,,,,,,,,
1861,"Hibiscus Complet",,,20170405,product,http://www.zenitboards.com/product/hibiscus-complet/?attribute_pa_trucks=matteblack50&attribute_pa_wheels=onsens,1694,1694-1861,,,,instock,,,,,Trucks,"Paris Trucks Matte Black 180mm 50° RKP",yes,yes,yes,Wheels,"Onsen 100a",yes,yes,yes,,,,,,,,variable,,,publish,3,hibiscus-complet,,,hibiscus-complet,0,open,closed,20170405,,,,,,,,,,,,,,,,,,,,,,,,,,,,,,,,,,,,,,,,,,,,,,,,,,,,,,,,,,,,,,,,,,,,,,,,,,,,,,,,,,,,,,,,,
1851,"Hibiscus Complet",,,20170405,product,http://www.zenitboards.com/product/hibiscus-complet/?attribute_pa_trucks=matteblack50&attribute_pa_wheels=kegels80a,1694,1694-1851,,,,instock,,,,,Trucks,"Paris Trucks Matte Black 180mm 50° RKP",yes,yes,yes,Wheels,"Kegels 80a",yes,yes,yes,,,,,,,,variable,,,publish,3,hibiscus-complet,,,hibiscus-complet,0,open,closed,20170405,,,,,,,,,,,,,,,,,,,,,,,,,,,,,,,,,,,,,,,,,,,,,,,,,,,,,,,,,,,,,,,,,,,,,,,,,,,,,,,,,,,,,,,,,
1854,"Hibiscus Complet",,,20170405,product,http://www.zenitboards.com/product/hibiscus-complet/?attribute_pa_trucks=matteblack50&attribute_pa_wheels=kilmer-80a,1694,1694-1854,,,,instock,,,,,Trucks,"Paris Trucks Matte Black 180mm 50° RKP",yes,yes,yes,Wheels,"Kilmer 80a",yes,yes,yes,,,,,,,,variable,,,publish,3,hibiscus-complet,,,hibiscus-complet,0,open,closed,20170405,,,,,,,,,,,,,,,,,,,,,,,,,,,,,,,,,,,,,,,,,,,,,,,,,,,,,,,,,,,,,,,,,,,,,,,,,,,,,,,,,,,,,,,,,
1855,"Hibiscus Complet",,,20170405,product,http://www.zenitboards.com/product/hibiscus-complet/?attribute_pa_trucks=matteblack50&attribute_pa_wheels=keanu86a,1694,1694-1855,,,,instock,,,,,Trucks,"Paris Trucks Matte Black 180mm 50° RKP",yes,yes,yes,Wheels,"Orangatang Keanu 86a 66mm",yes,yes,yes,,,,,,,,variable,,,publish,3,hibiscus-complet,,,hibiscus-complet,0,open,closed,20170405,,,,,,,,,,,,,,,,,,,,,,,,,,,,,,,,,,,,,,,,,,,,,,,,,,,,,,,,,,,,,,,,,,,,,,,,,,,,,,,,,,,,,,,,,
1856,"Hibiscus Complet",,,20170405,product,http://www.zenitboards.com/product/hibiscus-complet/?attribute_pa_trucks=matteblack50&attribute_pa_wheels=keanu83a,1694,1694-1856,,,,instock,,,,,Trucks,"Paris Trucks Matte Black 180mm 50° RKP",yes,yes,yes,Wheels,"Orangatang Keanu 83a 66mm",yes,yes,yes,,,,,,,,variable,,,publish,3,hibiscus-complet,,,hibiscus-complet,0,open,closed,20170405,,,,,,,,,,,,,,,,,,,,,,,,,,,,,,,,,,,,,,,,,,,,,,,,,,,,,,,,,,,,,,,,,,,,,,,,,,,,,,,,,,,,,,,,,
1853,"Hibiscus Complet",,,20170405,product,http://www.zenitboards.com/product/hibiscus-complet/?attribute_pa_trucks=matteblack50&attribute_pa_wheels=kilmer83a,1694,1694-1853,,,,instock,,,,,Trucks,"Paris Trucks Matte Black 180mm 50° RKP",yes,yes,yes,Wheels,"Kilmer 83a",yes,yes,yes,,,,,,,,variable,,,publish,3,hibiscus-complet,,,hibiscus-complet,0,open,closed,20170405,,,,,,,,,,,,,,,,,,,,,,,,,,,,,,,,,,,,,,,,,,,,,,,,,,,,,,,,,,,,,,,,,,,,,,,,,,,,,,,,,,,,,,,,,
1852,"Hibiscus Complet",,,20170405,product,http://www.zenitboards.com/product/hibiscus-complet/?attribute_pa_trucks=matteblack50&attribute_pa_wheels=kegel83a,1694,1694-1852,,,,instock,,,,,Trucks,"Paris Trucks Matte Black 180mm 50° RKP",yes,yes,yes,Wheels,"Kegels 83a",yes,yes,yes,,,,,,,,variable,,,publish,3,hibiscus-complet,,,hibiscus-complet,0,open,closed,20170405,,,,,,,,,,,,,,,,,,,,,,,,,,,,,,,,,,,,,,,,,,,,,,,,,,,,,,,,,,,,,,,,,,,,,,,,,,,,,,,,,,,,,,,,,
1857,"Hibiscus Complet",,,20170405,product,http://www.zenitboards.com/product/hibiscus-complet/?attribute_pa_trucks=matteblack50&attribute_pa_wheels=keanu80a,1694,1694-1857,,,,instock,,,,,Trucks,"Paris Trucks Matte Black 180mm 50° RKP",yes,yes,yes,Wheels,"Orangatang Keanu 80a 66mm",yes,yes,yes,,,,,,,,variable,,,publish,3,hibiscus-complet,,,hibiscus-complet,0,open,closed,20170405,,,,,,,,,,,,,,,,,,,,,,,,,,,,,,,,,,,,,,,,,,,,,,,,,,,,,,,,,,,,,,,,,,,,,,,,,,,,,,,,,,,,,,,,,
1848,"Hibiscus Complet",,,20170405,product,http://www.zenitboards.com/product/hibiscus-complet/?attribute_pa_trucks=satinblue50&attribute_pa_wheels=onsens,1694,1694-1848,,,,instock,,,,,Trucks,"Paris Trucks Satin Blue 180mm 50° RKP",yes,yes,yes,Wheels,"Onsen 100a",yes,yes,yes,,,,,,,,variable,,,publish,3,hibiscus-complet,,,hibiscus-complet,0,open,closed,20170405,,,,,,,,,,,,,,,,,,,,,,,,,,,,,,,,,,,,,,,,,,,,,,,,,,,,,,,,,,,,,,,,,,,,,,,,,,,,,,,,,,,,,,,,,
1847,"Hibiscus Complet",,,20170405,product,http://www.zenitboards.com/product/hibiscus-complet/?attribute_pa_trucks=satinblue50&attribute_pa_wheels=skiffs80a,1694,1694-1847,,,,instock,,,,,Trucks,"Paris Trucks Satin Blue 180mm 50° RKP",yes,yes,yes,Wheels,"Skiffs 80a",yes,yes,yes,,,,,,,,variable,,,publish,3,hibiscus-complet,,,hibiscus-complet,0,open,closed,20170405,,,,,,,,,,,,,,,,,,,,,,,,,,,,,,,,,,,,,,,,,,,,,,,,,,,,,,,,,,,,,,,,,,,,,,,,,,,,,,,,,,,,,,,,,
1846,"Hibiscus Complet",,,20170405,product,http://www.zenitboards.com/product/hibiscus-complet/?attribute_pa_trucks=satinblue50&attribute_pa_wheels=skiffs83a,1694,1694-1846,,,,instock,,,,,Trucks,"Paris Trucks Satin Blue 180mm 50° RKP",yes,yes,yes,Wheels,"Skiffs 83a",yes,yes,yes,,,,,,,,variable,,,publish,3,hibiscus-complet,,,hibiscus-complet,0,open,closed,20170405,,,,,,,,,,,,,,,,,,,,,,,,,,,,,,,,,,,,,,,,,,,,,,,,,,,,,,,,,,,,,,,,,,,,,,,,,,,,,,,,,,,,,,,,,
1845,"Hibiscus Complet",,,20170405,product,http://www.zenitboards.com/product/hibiscus-complet/?attribute_pa_trucks=satinblue50&attribute_pa_wheels=skiffs86a,1694,1694-1845,,,,instock,,,,,Trucks,"Paris Trucks Satin Blue 180mm 50° RKP",yes,yes,yes,Wheels,"Skiffs 86a",yes,yes,yes,,,,,,,,variable,,,publish,3,hibiscus-complet,,,hibiscus-complet,0,open,closed,20170405,,,,,,,,,,,,,,,,,,,,,,,,,,,,,,,,,,,,,,,,,,,,,,,,,,,,,,,,,,,,,,,,,,,,,,,,,,,,,,,,,,,,,,,,,
1850,"Hibiscus Complet",,,20170405,product,http://www.zenitboards.com/product/hibiscus-complet/?attribute_pa_trucks=satinblue50&attribute_pa_wheels=zenit-78a-70mm,1694,1694-1850,,,,instock,,,,,Trucks,"Paris Trucks Satin Blue 180mm 50° RKP",yes,yes,yes,Wheels,"Zenit 78a - 70mm",yes,yes,yes,,,,,,,,variable,,,publish,3,hibiscus-complet,,,hibiscus-complet,0,open,closed,20170405,,,,,,,,,,,,,,,,,,,,,,,,,,,,,,,,,,,,,,,,,,,,,,,,,,,,,,,,,,,,,,,,,,,,,,,,,,,,,,,,,,,,,,,,,
1849,"Hibiscus Complet",,,20170405,product,http://www.zenitboards.com/product/hibiscus-complet/?attribute_pa_trucks=satinblue50&attribute_pa_wheels=zenit-78a-60mm,1694,1694-1849,,,,instock,,,,,Trucks,"Paris Trucks Satin Blue 180mm 50° RKP",yes,yes,yes,Wheels,"Zenit 78a - 60mm",yes,yes,yes,,,,,,,,variable,,,publish,3,hibiscus-complet,,,hibiscus-complet,0,open,closed,20170405,,,,,,,,,,,,,,,,,,,,,,,,,,,,,,,,,,,,,,,,,,,,,,,,,,,,,,,,,,,,,,,,,,,,,,,,,,,,,,,,,,,,,,,,,
1842,"Hibiscus Complet",,,20170405,product,http://www.zenitboards.com/product/hibiscus-complet/?attribute_pa_trucks=satinblue50&attribute_pa_wheels=keanu86a,1694,1694-1842,,,,instock,,,,,Trucks,"Paris Trucks Satin Blue 180mm 50° RKP",yes,yes,yes,Wheels,"Orangatang Keanu 86a 66mm",yes,yes,yes,,,,,,,,variable,,,publish,3,hibiscus-complet,,,hibiscus-complet,0,open,closed,20170405,,,,,,,,,,,,,,,,,,,,,,,,,,,,,,,,,,,,,,,,,,,,,,,,,,,,,,,,,,,,,,,,,,,,,,,,,,,,,,,,,,,,,,,,,
1838,"Hibiscus Complet",,,20170405,product,http://www.zenitboards.com/product/hibiscus-complet/?attribute_pa_trucks=satinblue50&attribute_pa_wheels=kegels80a,1694,1694-1838,,,,instock,,,,,Trucks,"Paris Trucks Satin Blue 180mm 50° RKP",yes,yes,yes,Wheels,"Kegels 80a",yes,yes,yes,,,,,,,,variable,,,publish,3,hibiscus-complet,,,hibiscus-complet,0,open,closed,20170405,,,,,,,,,,,,,,,,,,,,,,,,,,,,,,,,,,,,,,,,,,,,,,,,,,,,,,,,,,,,,,,,,,,,,,,,,,,,,,,,,,,,,,,,,
1841,"Hibiscus Complet",,,20170405,product,http://www.zenitboards.com/product/hibiscus-complet/?attribute_pa_trucks=satinblue50&attribute_pa_wheels=kilmer-80a,1694,1694-1841,,,,instock,,,,,Trucks,"Paris Trucks Satin Blue 180mm 50° RKP",yes,yes,yes,Wheels,"Kilmer 80a",yes,yes,yes,,,,,,,,variable,,,publish,3,hibiscus-complet,,,hibiscus-complet,0,open,closed,20170405,,,,,,,,,,,,,,,,,,,,,,,,,,,,,,,,,,,,,,,,,,,,,,,,,,,,,,,,,,,,,,,,,,,,,,,,,,,,,,,,,,,,,,,,,
1844,"Hibiscus Complet",,,20170405,product,http://www.zenitboards.com/product/hibiscus-complet/?attribute_pa_trucks=satinblue50&attribute_pa_wheels=keanu80a,1694,1694-1844,,,,instock,,,,,Trucks,"Paris Trucks Satin Blue 180mm 50° RKP",yes,yes,yes,Wheels,"Orangatang Keanu 80a 66mm",yes,yes,yes,,,,,,,,variable,,,publish,3,hibiscus-complet,,,hibiscus-complet,0,open,closed,20170405,,,,,,,,,,,,,,,,,,,,,,,,,,,,,,,,,,,,,,,,,,,,,,,,,,,,,,,,,,,,,,,,,,,,,,,,,,,,,,,,,,,,,,,,,
1840,"Hibiscus Complet",,,20170405,product,http://www.zenitboards.com/product/hibiscus-complet/?attribute_pa_trucks=satinblue50&attribute_pa_wheels=kilmer83a,1694,1694-1840,,,,instock,,,,,Trucks,"Paris Trucks Satin Blue 180mm 50° RKP",yes,yes,yes,Wheels,"Kilmer 83a",yes,yes,yes,,,,,,,,variable,,,publish,3,hibiscus-complet,,,hibiscus-complet,0,open,closed,20170405,,,,,,,,,,,,,,,,,,,,,,,,,,,,,,,,,,,,,,,,,,,,,,,,,,,,,,,,,,,,,,,,,,,,,,,,,,,,,,,,,,,,,,,,,
1839,"Hibiscus Complet",,,20170405,product,http://www.zenitboards.com/product/hibiscus-complet/?attribute_pa_trucks=satinblue50&attribute_pa_wheels=kegel83a,1694,1694-1839,,,,instock,,,,,Trucks,"Paris Trucks Satin Blue 180mm 50° RKP",yes,yes,yes,Wheels,"Kegels 83a",yes,yes,yes,,,,,,,,variable,,,publish,3,hibiscus-complet,,,hibiscus-complet,0,open,closed,20170405,,,,,,,,,,,,,,,,,,,,,,,,,,,,,,,,,,,,,,,,,,,,,,,,,,,,,,,,,,,,,,,,,,,,,,,,,,,,,,,,,,,,,,,,,
1843,"Hibiscus Complet",,,20170405,product,http://www.zenitboards.com/product/hibiscus-complet/?attribute_pa_trucks=satinblue50&attribute_pa_wheels=keanu83a,1694,1694-1843,,,,instock,,,,,Trucks,"Paris Trucks Satin Blue 180mm 50° RKP",yes,yes,yes,Wheels,"Orangatang Keanu 83a 66mm",yes,yes,yes,,,,,,,,variable,,,publish,3,hibiscus-complet,,,hibiscus-complet,0,open,closed,20170405,,,,,,,,,,,,,,,,,,,,,,,,,,,,,,,,,,,,,,,,,,,,,,,,,,,,,,,,,,,,,,,,,,,,,,,,,,,,,,,,,,,,,,,,,
1835,"Hibiscus Complet",,,20170405,product,http://www.zenitboards.com/product/hibiscus-complet/?attribute_pa_trucks=mattkienzle&attribute_pa_wheels=onsens,1694,1694-1835,,,,instock,,,,,Trucks,"Paris Trucks Matt Kienzle Signature 180mm 50° RKP",yes,yes,yes,Wheels,"Onsen 100a",yes,yes,yes,,,,,,,,variable,,,publish,3,hibiscus-complet,,,hibiscus-complet,0,open,closed,20170405,,,,,,,,,,,,,,,,,,,,,,,,,,,,,,,,,,,,,,,,,,,,,,,,,,,,,,,,,,,,,,,,,,,,,,,,,,,,,,,,,,,,,,,,,
1833,"Hibiscus Complet",,,20170405,product,http://www.zenitboards.com/product/hibiscus-complet/?attribute_pa_trucks=mattkienzle&attribute_pa_wheels=skiffs83a,1694,1694-1833,,,,instock,,,,,Trucks,"Paris Trucks Matt Kienzle Signature 180mm 50° RKP",yes,yes,yes,Wheels,"Skiffs 83a",yes,yes,yes,,,,,,,,variable,,,publish,3,hibiscus-complet,,,hibiscus-complet,0,open,closed,20170405,,,,,,,,,,,,,,,,,,,,,,,,,,,,,,,,,,,,,,,,,,,,,,,,,,,,,,,,,,,,,,,,,,,,,,,,,,,,,,,,,,,,,,,,,
1837,"Hibiscus Complet",,,20170405,product,http://www.zenitboards.com/product/hibiscus-complet/?attribute_pa_trucks=mattkienzle&attribute_pa_wheels=zenit-78a-70mm,1694,1694-1837,,,,instock,,,,,Trucks,"Paris Trucks Matt Kienzle Signature 180mm 50° RKP",yes,yes,yes,Wheels,"Zenit 78a - 70mm",yes,yes,yes,,,,,,,,variable,,,publish,3,hibiscus-complet,,,hibiscus-complet,0,open,closed,20170405,,,,,,,,,,,,,,,,,,,,,,,,,,,,,,,,,,,,,,,,,,,,,,,,,,,,,,,,,,,,,,,,,,,,,,,,,,,,,,,,,,,,,,,,,
1836,"Hibiscus Complet",,,20170405,product,http://www.zenitboards.com/product/hibiscus-complet/?attribute_pa_trucks=mattkienzle&attribute_pa_wheels=zenit-78a-60mm,1694,1694-1836,,,,instock,,,,,Trucks,"Paris Trucks Matt Kienzle Signature 180mm 50° RKP",yes,yes,yes,Wheels,"Zenit 78a - 60mm",yes,yes,yes,,,,,,,,variable,,,publish,3,hibiscus-complet,,,hibiscus-complet,0,open,closed,20170405,,,,,,,,,,,,,,,,,,,,,,,,,,,,,,,,,,,,,,,,,,,,,,,,,,,,,,,,,,,,,,,,,,,,,,,,,,,,,,,,,,,,,,,,,
1831,"Hibiscus Complet",,,20170405,product,http://www.zenitboards.com/product/hibiscus-complet/?attribute_pa_trucks=mattkienzle&attribute_pa_wheels=keanu80a,1694,1694-1831,,,,instock,,,,,Trucks,"Paris Trucks Matt Kienzle Signature 180mm 50° RKP",yes,yes,yes,Wheels,"Orangatang Keanu 80a 66mm",yes,yes,yes,,,,,,,,variable,,,publish,3,hibiscus-complet,,,hibiscus-complet,0,open,closed,20170405,,,,,,,,,,,,,,,,,,,,,,,,,,,,,,,,,,,,,,,,,,,,,,,,,,,,,,,,,,,,,,,,,,,,,,,,,,,,,,,,,,,,,,,,,
1832,"Hibiscus Complet",,,20170405,product,http://www.zenitboards.com/product/hibiscus-complet/?attribute_pa_trucks=mattkienzle&attribute_pa_wheels=skiffs86a,1694,1694-1832,,,,instock,,,,,Trucks,"Paris Trucks Matt Kienzle Signature 180mm 50° RKP",yes,yes,yes,Wheels,"Skiffs 86a",yes,yes,yes,,,,,,,,variable,,,publish,3,hibiscus-complet,,,hibiscus-complet,0,open,closed,20170405,,,,,,,,,,,,,,,,,,,,,,,,,,,,,,,,,,,,,,,,,,,,,,,,,,,,,,,,,,,,,,,,,,,,,,,,,,,,,,,,,,,,,,,,,
1834,"Hibiscus Complet",,,20170405,product,http://www.zenitboards.com/product/hibiscus-complet/?attribute_pa_trucks=mattkienzle&attribute_pa_wheels=skiffs80a,1694,1694-1834,,,,instock,,,,,Trucks,"Paris Trucks Matt Kienzle Signature 180mm 50° RKP",yes,yes,yes,Wheels,"Skiffs 80a",yes,yes,yes,,,,,,,,variable,,,publish,3,hibiscus-complet,,,hibiscus-complet,0,open,closed,20170405,,,,,,,,,,,,,,,,,,,,,,,,,,,,,,,,,,,,,,,,,,,,,,,,,,,,,,,,,,,,,,,,,,,,,,,,,,,,,,,,,,,,,,,,,
1823,"Hibiscus Complet",,,20170405,product,http://www.zenitboards.com/product/hibiscus-complet/?attribute_pa_trucks=satinred50&attribute_pa_wheels=zenit-78a-60mm,1694,1694-1823,,,,instock,,,,,Trucks,"Paris Trucks Satin Red 180mm 50° RKP",yes,yes,yes,Wheels,"Zenit 78a - 60mm",yes,yes,yes,,,,,,,,variable,,,publish,3,hibiscus-complet,,,hibiscus-complet,0,open,closed,20170405,,,,,,,,,,,,,,,,,,,,,,,,,,,,,,,,,,,,,,,,,,,,,,,,,,,,,,,,,,,,,,,,,,,,,,,,,,,,,,,,,,,,,,,,,
1826,"Hibiscus Complet",,,20170405,product,http://www.zenitboards.com/product/hibiscus-complet/?attribute_pa_trucks=mattkienzle&attribute_pa_wheels=kegel83a,1694,1694-1826,,,,instock,,,,,Trucks,"Paris Trucks Matt Kienzle Signature 180mm 50° RKP",yes,yes,yes,Wheels,"Kegels 83a",yes,yes,yes,,,,,,,,variable,,,publish,3,hibiscus-complet,,,hibiscus-complet,0,open,closed,20170405,,,,,,,,,,,,,,,,,,,,,,,,,,,,,,,,,,,,,,,,,,,,,,,,,,,,,,,,,,,,,,,,,,,,,,,,,,,,,,,,,,,,,,,,,
1828,"Hibiscus Complet",,,20170405,product,http://www.zenitboards.com/product/hibiscus-complet/?attribute_pa_trucks=mattkienzle&attribute_pa_wheels=kilmer-80a,1694,1694-1828,,,,instock,,,,,Trucks,"Paris Trucks Matt Kienzle Signature 180mm 50° RKP",yes,yes,yes,Wheels,"Kilmer 80a",yes,yes,yes,,,,,,,,variable,,,publish,3,hibiscus-complet,,,hibiscus-complet,0,open,closed,20170405,,,,,,,,,,,,,,,,,,,,,,,,,,,,,,,,,,,,,,,,,,,,,,,,,,,,,,,,,,,,,,,,,,,,,,,,,,,,,,,,,,,,,,,,,
1830,"Hibiscus Complet",,,20170405,product,http://www.zenitboards.com/product/hibiscus-complet/?attribute_pa_trucks=mattkienzle&attribute_pa_wheels=keanu83a,1694,1694-1830,,,,instock,,,,,Trucks,"Paris Trucks Matt Kienzle Signature 180mm 50° RKP",yes,yes,yes,Wheels,"Orangatang Keanu 83a 66mm",yes,yes,yes,,,,,,,,variable,,,publish,3,hibiscus-complet,,,hibiscus-complet,0,open,closed,20170405,,,,,,,,,,,,,,,,,,,,,,,,,,,,,,,,,,,,,,,,,,,,,,,,,,,,,,,,,,,,,,,,,,,,,,,,,,,,,,,,,,,,,,,,,
1829,"Hibiscus Complet",,,20170405,product,http://www.zenitboards.com/product/hibiscus-complet/?attribute_pa_trucks=mattkienzle&attribute_pa_wheels=keanu86a,1694,1694-1829,,,,instock,,,,,Trucks,"Paris Trucks Matt Kienzle Signature 180mm 50° RKP",yes,yes,yes,Wheels,"Orangatang Keanu 86a 66mm",yes,yes,yes,,,,,,,,variable,,,publish,3,hibiscus-complet,,,hibiscus-complet,0,open,closed,20170405,,,,,,,,,,,,,,,,,,,,,,,,,,,,,,,,,,,,,,,,,,,,,,,,,,,,,,,,,,,,,,,,,,,,,,,,,,,,,,,,,,,,,,,,,
1825,"Hibiscus Complet",,,20170405,product,http://www.zenitboards.com/product/hibiscus-complet/?attribute_pa_trucks=mattkienzle&attribute_pa_wheels=kegels80a,1694,1694-1825,,,,instock,,,,,Trucks,"Paris Trucks Matt Kienzle Signature 180mm 50° RKP",yes,yes,yes,Wheels,"Kegels 80a",yes,yes,yes,,,,,,,,variable,,,publish,3,hibiscus-complet,,,hibiscus-complet,0,open,closed,20170405,,,,,,,,,,,,,,,,,,,,,,,,,,,,,,,,,,,,,,,,,,,,,,,,,,,,,,,,,,,,,,,,,,,,,,,,,,,,,,,,,,,,,,,,,
1827,"Hibiscus Complet",,,20170405,product,http://www.zenitboards.com/product/hibiscus-complet/?attribute_pa_trucks=mattkienzle&attribute_pa_wheels=kilmer83a,1694,1694-1827,,,,instock,,,,,Trucks,"Paris Trucks Matt Kienzle Signature 180mm 50° RKP",yes,yes,yes,Wheels,"Kilmer 83a",yes,yes,yes,,,,,,,,variable,,,publish,3,hibiscus-complet,,,hibiscus-complet,0,open,closed,20170405,,,,,,,,,,,,,,,,,,,,,,,,,,,,,,,,,,,,,,,,,,,,,,,,,,,,,,,,,,,,,,,,,,,,,,,,,,,,,,,,,,,,,,,,,
1824,"Hibiscus Complet",,,20170405,product,http://www.zenitboards.com/product/hibiscus-complet/?attribute_pa_trucks=satinred50&attribute_pa_wheels=zenit-78a-70mm,1694,1694-1824,,,,instock,,,,,Trucks,"Paris Trucks Satin Red 180mm 50° RKP",yes,yes,yes,Wheels,"Zenit 78a - 70mm",yes,yes,yes,,,,,,,,variable,,,publish,3,hibiscus-complet,,,hibiscus-complet,0,open,closed,20170405,,,,,,,,,,,,,,,,,,,,,,,,,,,,,,,,,,,,,,,,,,,,,,,,,,,,,,,,,,,,,,,,,,,,,,,,,,,,,,,,,,,,,,,,,
1819,"Hibiscus Complet",,,20170405,product,http://www.zenitboards.com/product/hibiscus-complet/?attribute_pa_trucks=satinred50&attribute_pa_wheels=skiffs86a,1694,1694-1819,,,,instock,,,,,Trucks,"Paris Trucks Satin Red 180mm 50° RKP",yes,yes,yes,Wheels,"Skiffs 86a",yes,yes,yes,,,,,,,,variable,,,publish,3,hibiscus-complet,,,hibiscus-complet,0,open,closed,20170405,,,,,,,,,,,,,,,,,,,,,,,,,,,,,,,,,,,,,,,,,,,,,,,,,,,,,,,,,,,,,,,,,,,,,,,,,,,,,,,,,,,,,,,,,
1816,"Hibiscus Complet",,,20170405,product,http://www.zenitboards.com/product/hibiscus-complet/?attribute_pa_trucks=satinred50&attribute_pa_wheels=keanu86a,1694,1694-1816,,,,instock,,,,,Trucks,"Paris Trucks Satin Red 180mm 50° RKP",yes,yes,yes,Wheels,"Orangatang Keanu 86a 66mm",yes,yes,yes,,,,,,,,variable,,,publish,3,hibiscus-complet,,,hibiscus-complet,0,open,closed,20170405,,,,,,,,,,,,,,,,,,,,,,,,,,,,,,,,,,,,,,,,,,,,,,,,,,,,,,,,,,,,,,,,,,,,,,,,,,,,,,,,,,,,,,,,,
1817,"Hibiscus Complet",,,20170405,product,http://www.zenitboards.com/product/hibiscus-complet/?attribute_pa_trucks=satinred50&attribute_pa_wheels=keanu83a,1694,1694-1817,,,,instock,,,,,Trucks,"Paris Trucks Satin Red 180mm 50° RKP",yes,yes,yes,Wheels,"Orangatang Keanu 83a 66mm",yes,yes,yes,,,,,,,,variable,,,publish,3,hibiscus-complet,,,hibiscus-complet,0,open,closed,20170405,,,,,,,,,,,,,,,,,,,,,,,,,,,,,,,,,,,,,,,,,,,,,,,,,,,,,,,,,,,,,,,,,,,,,,,,,,,,,,,,,,,,,,,,,
1820,"Hibiscus Complet",,,20170405,product,http://www.zenitboards.com/product/hibiscus-complet/?attribute_pa_trucks=satinred50&attribute_pa_wheels=skiffs83a,1694,1694-1820,,,,instock,,,,,Trucks,"Paris Trucks Satin Red 180mm 50° RKP",yes,yes,yes,Wheels,"Skiffs 83a",yes,yes,yes,,,,,,,,variable,,,publish,3,hibiscus-complet,,,hibiscus-complet,0,open,closed,20170405,,,,,,,,,,,,,,,,,,,,,,,,,,,,,,,,,,,,,,,,,,,,,,,,,,,,,,,,,,,,,,,,,,,,,,,,,,,,,,,,,,,,,,,,,
1821,"Hibiscus Complet",,,20170405,product,http://www.zenitboards.com/product/hibiscus-complet/?attribute_pa_trucks=satinred50&attribute_pa_wheels=skiffs80a,1694,1694-1821,,,,instock,,,,,Trucks,"Paris Trucks Satin Red 180mm 50° RKP",yes,yes,yes,Wheels,"Skiffs 80a",yes,yes,yes,,,,,,,,variable,,,publish,3,hibiscus-complet,,,hibiscus-complet,0,open,closed,20170405,,,,,,,,,,,,,,,,,,,,,,,,,,,,,,,,,,,,,,,,,,,,,,,,,,,,,,,,,,,,,,,,,,,,,,,,,,,,,,,,,,,,,,,,,
1818,"Hibiscus Complet",,,20170405,product,http://www.zenitboards.com/product/hibiscus-complet/?attribute_pa_trucks=satinred50&attribute_pa_wheels=keanu80a,1694,1694-1818,,,,instock,,,,,Trucks,"Paris Trucks Satin Red 180mm 50° RKP",yes,yes,yes,Wheels,"Orangatang Keanu 80a 66mm",yes,yes,yes,,,,,,,,variable,,,publish,3,hibiscus-complet,,,hibiscus-complet,0,open,closed,20170405,,,,,,,,,,,,,,,,,,,,,,,,,,,,,,,,,,,,,,,,,,,,,,,,,,,,,,,,,,,,,,,,,,,,,,,,,,,,,,,,,,,,,,,,,
1822,"Hibiscus Complet",,,20170405,product,http://www.zenitboards.com/product/hibiscus-complet/?attribute_pa_trucks=satinred50&attribute_pa_wheels=onsens,1694,1694-1822,,,,instock,,,,,Trucks,"Paris Trucks Satin Red 180mm 50° RKP",yes,yes,yes,Wheels,"Onsen 100a",yes,yes,yes,,,,,,,,variable,,,publish,3,hibiscus-complet,,,hibiscus-complet,0,open,closed,20170405,,,,,,,,,,,,,,,,,,,,,,,,,,,,,,,,,,,,,,,,,,,,,,,,,,,,,,,,,,,,,,,,,,,,,,,,,,,,,,,,,,,,,,,,,
1812,"Hibiscus Complet",,,20170405,product,http://www.zenitboards.com/product/hibiscus-complet/?attribute_pa_trucks=satinred50&attribute_pa_wheels=kegels80a,1694,1694-1812,,,,instock,,,,,Trucks,"Paris Trucks Satin Red 180mm 50° RKP",yes,yes,yes,Wheels,"Kegels 80a",yes,yes,yes,,,,,,,,variable,,,publish,3,hibiscus-complet,,,hibiscus-complet,0,open,closed,20170405,,,,,,,,,,,,,,,,,,,,,,,,,,,,,,,,,,,,,,,,,,,,,,,,,,,,,,,,,,,,,,,,,,,,,,,,,,,,,,,,,,,,,,,,,
1808,"Hibiscus Complet",,,20170405,product,http://www.zenitboards.com/product/hibiscus-complet/?attribute_pa_trucks=gold43&attribute_pa_wheels=skiffs80a,1694,1694-1808,,,,instock,,,,,Trucks,"Paris Trucks Gold 180mm 43° RKP",yes,yes,yes,Wheels,"Skiffs 80a",yes,yes,yes,,,,,,,,variable,,,publish,3,hibiscus-complet,,,hibiscus-complet,0,open,closed,20170405,,,,,,,,,,,,,,,,,,,,,,,,,,,,,,,,,,,,,,,,,,,,,,,,,,,,,,,,,,,,,,,,,,,,,,,,,,,,,,,,,,,,,,,,,
1814,"Hibiscus Complet",,,20170405,product,http://www.zenitboards.com/product/hibiscus-complet/?attribute_pa_trucks=satinred50&attribute_pa_wheels=kilmer83a,1694,1694-1814,,,,instock,,,,,Trucks,"Paris Trucks Satin Red 180mm 50° RKP",yes,yes,yes,Wheels,"Kilmer 83a",yes,yes,yes,,,,,,,,variable,,,publish,3,hibiscus-complet,,,hibiscus-complet,0,open,closed,20170405,,,,,,,,,,,,,,,,,,,,,,,,,,,,,,,,,,,,,,,,,,,,,,,,,,,,,,,,,,,,,,,,,,,,,,,,,,,,,,,,,,,,,,,,,
1815,"Hibiscus Complet",,,20170405,product,http://www.zenitboards.com/product/hibiscus-complet/?attribute_pa_trucks=satinred50&attribute_pa_wheels=kilmer-80a,1694,1694-1815,,,,instock,,,,,Trucks,"Paris Trucks Satin Red 180mm 50° RKP",yes,yes,yes,Wheels,"Kilmer 80a",yes,yes,yes,,,,,,,,variable,,,publish,3,hibiscus-complet,,,hibiscus-complet,0,open,closed,20170405,,,,,,,,,,,,,,,,,,,,,,,,,,,,,,,,,,,,,,,,,,,,,,,,,,,,,,,,,,,,,,,,,,,,,,,,,,,,,,,,,,,,,,,,,
1811,"Hibiscus Complet",,,20170405,product,http://www.zenitboards.com/product/hibiscus-complet/?attribute_pa_trucks=gold43&attribute_pa_wheels=zenit-78a-70mm,1694,1694-1811,,,,instock,,,,,Trucks,"Paris Trucks Gold 180mm 43° RKP",yes,yes,yes,Wheels,"Zenit 78a - 70mm",yes,yes,yes,,,,,,,,variable,,,publish,3,hibiscus-complet,,,hibiscus-complet,0,open,closed,20170405,,,,,,,,,,,,,,,,,,,,,,,,,,,,,,,,,,,,,,,,,,,,,,,,,,,,,,,,,,,,,,,,,,,,,,,,,,,,,,,,,,,,,,,,,
1810,"Hibiscus Complet",,,20170405,product,http://www.zenitboards.com/product/hibiscus-complet/?attribute_pa_trucks=gold43&attribute_pa_wheels=zenit-78a-60mm,1694,1694-1810,,,,instock,,,,,Trucks,"Paris Trucks Gold 180mm 43° RKP",yes,yes,yes,Wheels,"Zenit 78a - 60mm",yes,yes,yes,,,,,,,,variable,,,publish,3,hibiscus-complet,,,hibiscus-complet,0,open,closed,20170405,,,,,,,,,,,,,,,,,,,,,,,,,,,,,,,,,,,,,,,,,,,,,,,,,,,,,,,,,,,,,,,,,,,,,,,,,,,,,,,,,,,,,,,,,
1813,"Hibiscus Complet",,,20170405,product,http://www.zenitboards.com/product/hibiscus-complet/?attribute_pa_trucks=satinred50&attribute_pa_wheels=kegel83a,1694,1694-1813,,,,instock,,,,,Trucks,"Paris Trucks Satin Red 180mm 50° RKP",yes,yes,yes,Wheels,"Kegels 83a",yes,yes,yes,,,,,,,,variable,,,publish,3,hibiscus-complet,,,hibiscus-complet,0,open,closed,20170405,,,,,,,,,,,,,,,,,,,,,,,,,,,,,,,,,,,,,,,,,,,,,,,,,,,,,,,,,,,,,,,,,,,,,,,,,,,,,,,,,,,,,,,,,
1809,"Hibiscus Complet",,,20170405,product,http://www.zenitboards.com/product/hibiscus-complet/?attribute_pa_trucks=gold43&attribute_pa_wheels=onsens,1694,1694-1809,,,,instock,,,,,Trucks,"Paris Trucks Gold 180mm 43° RKP",yes,yes,yes,Wheels,"Onsen 100a",yes,yes,yes,,,,,,,,variable,,,publish,3,hibiscus-complet,,,hibiscus-complet,0,open,closed,20170405,,,,,,,,,,,,,,,,,,,,,,,,,,,,,,,,,,,,,,,,,,,,,,,,,,,,,,,,,,,,,,,,,,,,,,,,,,,,,,,,,,,,,,,,,
1803,"Hibiscus Complet",,,20170405,product,http://www.zenitboards.com/product/hibiscus-complet/?attribute_pa_trucks=gold43&attribute_pa_wheels=keanu86a,1694,1694-1803,,,,instock,,,,,Trucks,"Paris Trucks Gold 180mm 43° RKP",yes,yes,yes,Wheels,"Orangatang Keanu 86a 66mm",yes,yes,yes,,,,,,,,variable,,,publish,3,hibiscus-complet,,,hibiscus-complet,0,open,closed,20170405,,,,,,,,,,,,,,,,,,,,,,,,,,,,,,,,,,,,,,,,,,,,,,,,,,,,,,,,,,,,,,,,,,,,,,,,,,,,,,,,,,,,,,,,,
1801,"Hibiscus Complet",,,20170405,product,http://www.zenitboards.com/product/hibiscus-complet/?attribute_pa_trucks=gold43&attribute_pa_wheels=kilmer83a,1694,1694-1801,,,,instock,,,,,Trucks,"Paris Trucks Gold 180mm 43° RKP",yes,yes,yes,Wheels,"Kilmer 83a",yes,yes,yes,,,,,,,,variable,,,publish,3,hibiscus-complet,,,hibiscus-complet,0,open,closed,20170405,,,,,,,,,,,,,,,,,,,,,,,,,,,,,,,,,,,,,,,,,,,,,,,,,,,,,,,,,,,,,,,,,,,,,,,,,,,,,,,,,,,,,,,,,
1802,"Hibiscus Complet",,,20170405,product,http://www.zenitboards.com/product/hibiscus-complet/?attribute_pa_trucks=gold43&attribute_pa_wheels=kilmer-80a,1694,1694-1802,,,,instock,,,,,Trucks,"Paris Trucks Gold 180mm 43° RKP",yes,yes,yes,Wheels,"Kilmer 80a",yes,yes,yes,,,,,,,,variable,,,publish,3,hibiscus-complet,,,hibiscus-complet,0,open,closed,20170405,,,,,,,,,,,,,,,,,,,,,,,,,,,,,,,,,,,,,,,,,,,,,,,,,,,,,,,,,,,,,,,,,,,,,,,,,,,,,,,,,,,,,,,,,
1800,"Hibiscus Complet",,,20170405,product,http://www.zenitboards.com/product/hibiscus-complet/?attribute_pa_trucks=gold43&attribute_pa_wheels=kegel83a,1694,1694-1800,,,,instock,,,,,Trucks,"Paris Trucks Gold 180mm 43° RKP",yes,yes,yes,Wheels,"Kegels 83a",yes,yes,yes,,,,,,,,variable,,,publish,3,hibiscus-complet,,,hibiscus-complet,0,open,closed,20170405,,,,,,,,,,,,,,,,,,,,,,,,,,,,,,,,,,,,,,,,,,,,,,,,,,,,,,,,,,,,,,,,,,,,,,,,,,,,,,,,,,,,,,,,,
1805,"Hibiscus Complet",,,20170405,product,http://www.zenitboards.com/product/hibiscus-complet/?attribute_pa_trucks=gold43&attribute_pa_wheels=keanu80a,1694,1694-1805,,,,instock,,,,,Trucks,"Paris Trucks Gold 180mm 43° RKP",yes,yes,yes,Wheels,"Orangatang Keanu 80a 66mm",yes,yes,yes,,,,,,,,variable,,,publish,3,hibiscus-complet,,,hibiscus-complet,0,open,closed,20170405,,,,,,,,,,,,,,,,,,,,,,,,,,,,,,,,,,,,,,,,,,,,,,,,,,,,,,,,,,,,,,,,,,,,,,,,,,,,,,,,,,,,,,,,,
1807,"Hibiscus Complet",,,20170405,product,http://www.zenitboards.com/product/hibiscus-complet/?attribute_pa_trucks=gold43&attribute_pa_wheels=skiffs83a,1694,1694-1807,,,,instock,,,,,Trucks,"Paris Trucks Gold 180mm 43° RKP",yes,yes,yes,Wheels,"Skiffs 83a",yes,yes,yes,,,,,,,,variable,,,publish,3,hibiscus-complet,,,hibiscus-complet,0,open,closed,20170405,,,,,,,,,,,,,,,,,,,,,,,,,,,,,,,,,,,,,,,,,,,,,,,,,,,,,,,,,,,,,,,,,,,,,,,,,,,,,,,,,,,,,,,,,
1804,"Hibiscus Complet",,,20170405,product,http://www.zenitboards.com/product/hibiscus-complet/?attribute_pa_trucks=gold43&attribute_pa_wheels=keanu83a,1694,1694-1804,,,,instock,,,,,Trucks,"Paris Trucks Gold 180mm 43° RKP",yes,yes,yes,Wheels,"Orangatang Keanu 83a 66mm",yes,yes,yes,,,,,,,,variable,,,publish,3,hibiscus-complet,,,hibiscus-complet,0,open,closed,20170405,,,,,,,,,,,,,,,,,,,,,,,,,,,,,,,,,,,,,,,,,,,,,,,,,,,,,,,,,,,,,,,,,,,,,,,,,,,,,,,,,,,,,,,,,
1806,"Hibiscus Complet",,,20170405,product,http://www.zenitboards.com/product/hibiscus-complet/?attribute_pa_trucks=gold43&attribute_pa_wheels=skiffs86a,1694,1694-1806,,,,instock,,,,,Trucks,"Paris Trucks Gold 180mm 43° RKP",yes,yes,yes,Wheels,"Skiffs 86a",yes,yes,yes,,,,,,,,variable,,,publish,3,hibiscus-complet,,,hibiscus-complet,0,open,closed,20170405,,,,,,,,,,,,,,,,,,,,,,,,,,,,,,,,,,,,,,,,,,,,,,,,,,,,,,,,,,,,,,,,,,,,,,,,,,,,,,,,,,,,,,,,,
1796,"Hibiscus Complet",,,20170405,product,http://www.zenitboards.com/product/hibiscus-complet/?attribute_pa_trucks=white43&attribute_pa_wheels=onsens,1694,1694-1796,,,,instock,,,,,Trucks,"Paris Trucks White 180mm 43° RKP",yes,yes,yes,Wheels,"Onsen 100a",yes,yes,yes,,,,,,,,variable,,,publish,3,hibiscus-complet,,,hibiscus-complet,0,open,closed,20170405,,,,,,,,,,,,,,,,,,,,,,,,,,,,,,,,,,,,,,,,,,,,,,,,,,,,,,,,,,,,,,,,,,,,,,,,,,,,,,,,,,,,,,,,,
1797,"Hibiscus Complet",,,20170405,product,http://www.zenitboards.com/product/hibiscus-complet/?attribute_pa_trucks=white43&attribute_pa_wheels=zenit-78a-60mm,1694,1694-1797,,,,instock,,,,,Trucks,"Paris Trucks White 180mm 43° RKP",yes,yes,yes,Wheels,"Zenit 78a - 60mm",yes,yes,yes,,,,,,,,variable,,,publish,3,hibiscus-complet,,,hibiscus-complet,0,open,closed,20170405,,,,,,,,,,,,,,,,,,,,,,,,,,,,,,,,,,,,,,,,,,,,,,,,,,,,,,,,,,,,,,,,,,,,,,,,,,,,,,,,,,,,,,,,,
1799,"Hibiscus Complet",,,20170405,product,http://www.zenitboards.com/product/hibiscus-complet/?attribute_pa_trucks=gold43&attribute_pa_wheels=kegels80a,1694,1694-1799,,,,instock,,,,,Trucks,"Paris Trucks Gold 180mm 43° RKP",yes,yes,yes,Wheels,"Kegels 80a",yes,yes,yes,,,,,,,,variable,,,publish,3,hibiscus-complet,,,hibiscus-complet,0,open,closed,20170405,,,,,,,,,,,,,,,,,,,,,,,,,,,,,,,,,,,,,,,,,,,,,,,,,,,,,,,,,,,,,,,,,,,,,,,,,,,,,,,,,,,,,,,,,
1795,"Hibiscus Complet",,,20170405,product,http://www.zenitboards.com/product/hibiscus-complet/?attribute_pa_trucks=white43&attribute_pa_wheels=skiffs80a,1694,1694-1795,,,,instock,,,,,Trucks,"Paris Trucks White 180mm 43° RKP",yes,yes,yes,Wheels,"Skiffs 80a",yes,yes,yes,,,,,,,,variable,,,publish,3,hibiscus-complet,,,hibiscus-complet,0,open,closed,20170405,,,,,,,,,,,,,,,,,,,,,,,,,,,,,,,,,,,,,,,,,,,,,,,,,,,,,,,,,,,,,,,,,,,,,,,,,,,,,,,,,,,,,,,,,
1798,"Hibiscus Complet",,,20170405,product,http://www.zenitboards.com/product/hibiscus-complet/?attribute_pa_trucks=white43&attribute_pa_wheels=zenit-78a-70mm,1694,1694-1798,,,,instock,,,,,Trucks,"Paris Trucks White 180mm 43° RKP",yes,yes,yes,Wheels,"Zenit 78a - 70mm",yes,yes,yes,,,,,,,,variable,,,publish,3,hibiscus-complet,,,hibiscus-complet,0,open,closed,20170405,,,,,,,,,,,,,,,,,,,,,,,,,,,,,,,,,,,,,,,,,,,,,,,,,,,,,,,,,,,,,,,,,,,,,,,,,,,,,,,,,,,,,,,,,
1791,"Hibiscus Complet",,,20170405,product,http://www.zenitboards.com/product/hibiscus-complet/?attribute_pa_trucks=white43&attribute_pa_wheels=keanu83a,1694,1694-1791,,,,instock,,,,,Trucks,"Paris Trucks White 180mm 43° RKP",yes,yes,yes,Wheels,"Orangatang Keanu 83a 66mm",yes,yes,yes,,,,,,,,variable,,,publish,3,hibiscus-complet,,,hibiscus-complet,0,open,closed,20170405,,,,,,,,,,,,,,,,,,,,,,,,,,,,,,,,,,,,,,,,,,,,,,,,,,,,,,,,,,,,,,,,,,,,,,,,,,,,,,,,,,,,,,,,,
1794,"Hibiscus Complet",,,20170405,product,http://www.zenitboards.com/product/hibiscus-complet/?attribute_pa_trucks=white43&attribute_pa_wheels=skiffs83a,1694,1694-1794,,,,instock,,,,,Trucks,"Paris Trucks White 180mm 43° RKP",yes,yes,yes,Wheels,"Skiffs 83a",yes,yes,yes,,,,,,,,variable,,,publish,3,hibiscus-complet,,,hibiscus-complet,0,open,closed,20170405,,,,,,,,,,,,,,,,,,,,,,,,,,,,,,,,,,,,,,,,,,,,,,,,,,,,,,,,,,,,,,,,,,,,,,,,,,,,,,,,,,,,,,,,,
1792,"Hibiscus Complet",,,20170405,product,http://www.zenitboards.com/product/hibiscus-complet/?attribute_pa_trucks=white43&attribute_pa_wheels=keanu80a,1694,1694-1792,,,,instock,,,,,Trucks,"Paris Trucks White 180mm 43° RKP",yes,yes,yes,Wheels,"Orangatang Keanu 80a 66mm",yes,yes,yes,,,,,,,,variable,,,publish,3,hibiscus-complet,,,hibiscus-complet,0,open,closed,20170405,,,,,,,,,,,,,,,,,,,,,,,,,,,,,,,,,,,,,,,,,,,,,,,,,,,,,,,,,,,,,,,,,,,,,,,,,,,,,,,,,,,,,,,,,
1793,"Hibiscus Complet",,,20170405,product,http://www.zenitboards.com/product/hibiscus-complet/?attribute_pa_trucks=white43&attribute_pa_wheels=skiffs86a,1694,1694-1793,,,,instock,,,,,Trucks,"Paris Trucks White 180mm 43° RKP",yes,yes,yes,Wheels,"Skiffs 86a",yes,yes,yes,,,,,,,,variable,,,publish,3,hibiscus-complet,,,hibiscus-complet,0,open,closed,20170405,,,,,,,,,,,,,,,,,,,,,,,,,,,,,,,,,,,,,,,,,,,,,,,,,,,,,,,,,,,,,,,,,,,,,,,,,,,,,,,,,,,,,,,,,
1790,"Hibiscus Complet",,,20170405,product,http://www.zenitboards.com/product/hibiscus-complet/?attribute_pa_trucks=white43&attribute_pa_wheels=keanu86a,1694,1694-1790,,,,instock,,,,,Trucks,"Paris Trucks White 180mm 43° RKP",yes,yes,yes,Wheels,"Orangatang Keanu 86a 66mm",yes,yes,yes,,,,,,,,variable,,,publish,3,hibiscus-complet,,,hibiscus-complet,0,open,closed,20170405,,,,,,,,,,,,,,,,,,,,,,,,,,,,,,,,,,,,,,,,,,,,,,,,,,,,,,,,,,,,,,,,,,,,,,,,,,,,,,,,,,,,,,,,,
1789,"Hibiscus Complet",,,20170405,product,http://www.zenitboards.com/product/hibiscus-complet/?attribute_pa_trucks=white43&attribute_pa_wheels=kilmer-80a,1694,1694-1789,,,,instock,,,,,Trucks,"Paris Trucks White 180mm 43° RKP",yes,yes,yes,Wheels,"Kilmer 80a",yes,yes,yes,,,,,,,,variable,,,publish,3,hibiscus-complet,,,hibiscus-complet,0,open,closed,20170405,,,,,,,,,,,,,,,,,,,,,,,,,,,,,,,,,,,,,,,,,,,,,,,,,,,,,,,,,,,,,,,,,,,,,,,,,,,,,,,,,,,,,,,,,
1787,"Hibiscus Complet",,,20170405,product,http://www.zenitboards.com/product/hibiscus-complet/?attribute_pa_trucks=white43&attribute_pa_wheels=kegel83a,1694,1694-1787,,,,instock,,,,,Trucks,"Paris Trucks White 180mm 43° RKP",yes,yes,yes,Wheels,"Kegels 83a",yes,yes,yes,,,,,,,,variable,,,publish,3,hibiscus-complet,,,hibiscus-complet,0,open,closed,20170405,,,,,,,,,,,,,,,,,,,,,,,,,,,,,,,,,,,,,,,,,,,,,,,,,,,,,,,,,,,,,,,,,,,,,,,,,,,,,,,,,,,,,,,,,
1785,"Hibiscus Complet",,,20170405,product,http://www.zenitboards.com/product/hibiscus-complet/?attribute_pa_trucks=gunmetalsavants50&attribute_pa_wheels=zenit-78a-70mm,1694,1694-1785,,,,instock,,,,,Trucks,"Paris Trucks Savants Gunmetal Grey 180mm 50° RKP",yes,yes,yes,Wheels,"Zenit 78a - 70mm",yes,yes,yes,,,,,,,,variable,,,publish,3,hibiscus-complet,,,hibiscus-complet,0,open,closed,20170405,,,,,,,,,,,,,,,,,,,,,,,,,,,,,,,,,,,,,,,,,,,,,,,,,,,,,,,,,,,,,,,,,,,,,,,,,,,,,,,,,,,,,,,,,
1784,"Hibiscus Complet",,,20170405,product,http://www.zenitboards.com/product/hibiscus-complet/?attribute_pa_trucks=gunmetalsavants50&attribute_pa_wheels=zenit-78a-60mm,1694,1694-1784,,,,instock,,,,,Trucks,"Paris Trucks Savants Gunmetal Grey 180mm 50° RKP",yes,yes,yes,Wheels,"Zenit 78a - 60mm",yes,yes,yes,,,,,,,,variable,,,publish,3,hibiscus-complet,,,hibiscus-complet,0,open,closed,20170405,,,,,,,,,,,,,,,,,,,,,,,,,,,,,,,,,,,,,,,,,,,,,,,,,,,,,,,,,,,,,,,,,,,,,,,,,,,,,,,,,,,,,,,,,
1783,"Hibiscus Complet",,,20170405,product,http://www.zenitboards.com/product/hibiscus-complet/?attribute_pa_trucks=gunmetalsavants50&attribute_pa_wheels=onsens,1694,1694-1783,,,,instock,,,,,Trucks,"Paris Trucks Savants Gunmetal Grey 180mm 50° RKP",yes,yes,yes,Wheels,"Onsen 100a",yes,yes,yes,,,,,,,,variable,,,publish,3,hibiscus-complet,,,hibiscus-complet,0,open,closed,20170405,,,,,,,,,,,,,,,,,,,,,,,,,,,,,,,,,,,,,,,,,,,,,,,,,,,,,,,,,,,,,,,,,,,,,,,,,,,,,,,,,,,,,,,,,
1782,"Hibiscus Complet",,,20170405,product,http://www.zenitboards.com/product/hibiscus-complet/?attribute_pa_trucks=gunmetalsavants50&attribute_pa_wheels=skiffs80a,1694,1694-1782,,,,instock,,,,,Trucks,"Paris Trucks Savants Gunmetal Grey 180mm 50° RKP",yes,yes,yes,Wheels,"Skiffs 80a",yes,yes,yes,,,,,,,,variable,,,publish,3,hibiscus-complet,,,hibiscus-complet,0,open,closed,20170405,,,,,,,,,,,,,,,,,,,,,,,,,,,,,,,,,,,,,,,,,,,,,,,,,,,,,,,,,,,,,,,,,,,,,,,,,,,,,,,,,,,,,,,,,
1786,"Hibiscus Complet",,,20170405,product,http://www.zenitboards.com/product/hibiscus-complet/?attribute_pa_trucks=white43&attribute_pa_wheels=kegels80a,1694,1694-1786,,,,instock,,,,,Trucks,"Paris Trucks White 180mm 43° RKP",yes,yes,yes,Wheels,"Kegels 80a",yes,yes,yes,,,,,,,,variable,,,publish,3,hibiscus-complet,,,hibiscus-complet,0,open,closed,20170405,,,,,,,,,,,,,,,,,,,,,,,,,,,,,,,,,,,,,,,,,,,,,,,,,,,,,,,,,,,,,,,,,,,,,,,,,,,,,,,,,,,,,,,,,
1788,"Hibiscus Complet",,,20170405,product,http://www.zenitboards.com/product/hibiscus-complet/?attribute_pa_trucks=white43&attribute_pa_wheels=kilmer83a,1694,1694-1788,,,,instock,,,,,Trucks,"Paris Trucks White 180mm 43° RKP",yes,yes,yes,Wheels,"Kilmer 83a",yes,yes,yes,,,,,,,,variable,,,publish,3,hibiscus-complet,,,hibiscus-complet,0,open,closed,20170405,,,,,,,,,,,,,,,,,,,,,,,,,,,,,,,,,,,,,,,,,,,,,,,,,,,,,,,,,,,,,,,,,,,,,,,,,,,,,,,,,,,,,,,,,
1777,"Hibiscus Complet",,,20170405,product,http://www.zenitboards.com/product/hibiscus-complet/?attribute_pa_trucks=gunmetalsavants50&attribute_pa_wheels=keanu86a,1694,1694-1777,,,,instock,,,,,Trucks,"Paris Trucks Savants Gunmetal Grey 180mm 50° RKP",yes,yes,yes,Wheels,"Orangatang Keanu 86a 66mm",yes,yes,yes,,,,,,,,variable,,,publish,3,hibiscus-complet,,,hibiscus-complet,0,open,closed,20170405,,,,,,,,,,,,,,,,,,,,,,,,,,,,,,,,,,,,,,,,,,,,,,,,,,,,,,,,,,,,,,,,,,,,,,,,,,,,,,,,,,,,,,,,,
1775,"Hibiscus Complet",,,20170405,product,http://www.zenitboards.com/product/hibiscus-complet/?attribute_pa_trucks=gunmetalsavants50&attribute_pa_wheels=kilmer83a,1694,1694-1775,,,,instock,,,,,Trucks,"Paris Trucks Savants Gunmetal Grey 180mm 50° RKP",yes,yes,yes,Wheels,"Kilmer 83a",yes,yes,yes,,,,,,,,variable,,,publish,3,hibiscus-complet,,,hibiscus-complet,0,open,closed,20170405,,,,,,,,,,,,,,,,,,,,,,,,,,,,,,,,,,,,,,,,,,,,,,,,,,,,,,,,,,,,,,,,,,,,,,,,,,,,,,,,,,,,,,,,,
1776,"Hibiscus Complet",,,20170405,product,http://www.zenitboards.com/product/hibiscus-complet/?attribute_pa_trucks=gunmetalsavants50&attribute_pa_wheels=kilmer-80a,1694,1694-1776,,,,instock,,,,,Trucks,"Paris Trucks Savants Gunmetal Grey 180mm 50° RKP",yes,yes,yes,Wheels,"Kilmer 80a",yes,yes,yes,,,,,,,,variable,,,publish,3,hibiscus-complet,,,hibiscus-complet,0,open,closed,20170405,,,,,,,,,,,,,,,,,,,,,,,,,,,,,,,,,,,,,,,,,,,,,,,,,,,,,,,,,,,,,,,,,,,,,,,,,,,,,,,,,,,,,,,,,
1772,"Hibiscus Complet",,,20170405,product,http://www.zenitboards.com/product/hibiscus-complet/?attribute_pa_trucks=savantselectroluxe50&attribute_pa_wheels=zenit-78a-70mm,1694,1694-1772,,,,instock,,,,,Trucks,"Paris Trucks Savants Electro Luxe 180mm 50° RKP",yes,yes,yes,Wheels,"Zenit 78a - 70mm",yes,yes,yes,,,,,,,,variable,,,publish,3,hibiscus-complet,,,hibiscus-complet,0,open,closed,20170405,,,,,,,,,,,,,,,,,,,,,,,,,,,,,,,,,,,,,,,,,,,,,,,,,,,,,,,,,,,,,,,,,,,,,,,,,,,,,,,,,,,,,,,,,
1773,"Hibiscus Complet",,,20170405,product,http://www.zenitboards.com/product/hibiscus-complet/?attribute_pa_trucks=gunmetalsavants50&attribute_pa_wheels=kegels80a,1694,1694-1773,,,,instock,,,,,Trucks,"Paris Trucks Savants Gunmetal Grey 180mm 50° RKP",yes,yes,yes,Wheels,"Kegels 80a",yes,yes,yes,,,,,,,,variable,,,publish,3,hibiscus-complet,,,hibiscus-complet,0,open,closed,20170405,,,,,,,,,,,,,,,,,,,,,,,,,,,,,,,,,,,,,,,,,,,,,,,,,,,,,,,,,,,,,,,,,,,,,,,,,,,,,,,,,,,,,,,,,
1774,"Hibiscus Complet",,,20170405,product,http://www.zenitboards.com/product/hibiscus-complet/?attribute_pa_trucks=gunmetalsavants50&attribute_pa_wheels=kegel83a,1694,1694-1774,,,,instock,,,,,Trucks,"Paris Trucks Savants Gunmetal Grey 180mm 50° RKP",yes,yes,yes,Wheels,"Kegels 83a",yes,yes,yes,,,,,,,,variable,,,publish,3,hibiscus-complet,,,hibiscus-complet,0,open,closed,20170405,,,,,,,,,,,,,,,,,,,,,,,,,,,,,,,,,,,,,,,,,,,,,,,,,,,,,,,,,,,,,,,,,,,,,,,,,,,,,,,,,,,,,,,,,
1781,"Hibiscus Complet",,,20170405,product,http://www.zenitboards.com/product/hibiscus-complet/?attribute_pa_trucks=gunmetalsavants50&attribute_pa_wheels=skiffs83a,1694,1694-1781,,,,instock,,,,,Trucks,"Paris Trucks Savants Gunmetal Grey 180mm 50° RKP",yes,yes,yes,Wheels,"Skiffs 83a",yes,yes,yes,,,,,,,,variable,,,publish,3,hibiscus-complet,,,hibiscus-complet,0,open,closed,20170405,,,,,,,,,,,,,,,,,,,,,,,,,,,,,,,,,,,,,,,,,,,,,,,,,,,,,,,,,,,,,,,,,,,,,,,,,,,,,,,,,,,,,,,,,
1780,"Hibiscus Complet",,,20170405,product,http://www.zenitboards.com/product/hibiscus-complet/?attribute_pa_trucks=gunmetalsavants50&attribute_pa_wheels=skiffs86a,1694,1694-1780,,,,instock,,,,,Trucks,"Paris Trucks Savants Gunmetal Grey 180mm 50° RKP",yes,yes,yes,Wheels,"Skiffs 86a",yes,yes,yes,,,,,,,,variable,,,publish,3,hibiscus-complet,,,hibiscus-complet,0,open,closed,20170405,,,,,,,,,,,,,,,,,,,,,,,,,,,,,,,,,,,,,,,,,,,,,,,,,,,,,,,,,,,,,,,,,,,,,,,,,,,,,,,,,,,,,,,,,
1779,"Hibiscus Complet",,,20170405,product,http://www.zenitboards.com/product/hibiscus-complet/?attribute_pa_trucks=gunmetalsavants50&attribute_pa_wheels=keanu80a,1694,1694-1779,,,,instock,,,,,Trucks,"Paris Trucks Savants Gunmetal Grey 180mm 50° RKP",yes,yes,yes,Wheels,"Orangatang Keanu 80a 66mm",yes,yes,yes,,,,,,,,variable,,,publish,3,hibiscus-complet,,,hibiscus-complet,0,open,closed,20170405,,,,,,,,,,,,,,,,,,,,,,,,,,,,,,,,,,,,,,,,,,,,,,,,,,,,,,,,,,,,,,,,,,,,,,,,,,,,,,,,,,,,,,,,,
1778,"Hibiscus Complet",,,20170405,product,http://www.zenitboards.com/product/hibiscus-complet/?attribute_pa_trucks=gunmetalsavants50&attribute_pa_wheels=keanu83a,1694,1694-1778,,,,instock,,,,,Trucks,"Paris Trucks Savants Gunmetal Grey 180mm 50° RKP",yes,yes,yes,Wheels,"Orangatang Keanu 83a 66mm",yes,yes,yes,,,,,,,,variable,,,publish,3,hibiscus-complet,,,hibiscus-complet,0,open,closed,20170405,,,,,,,,,,,,,,,,,,,,,,,,,,,,,,,,,,,,,,,,,,,,,,,,,,,,,,,,,,,,,,,,,,,,,,,,,,,,,,,,,,,,,,,,,
1763,"Hibiscus Complet",,,20170405,product,http://www.zenitboards.com/product/hibiscus-complet/?attribute_pa_trucks=savantselectroluxe50&attribute_pa_wheels=kilmer-80a,1694,1694-1763,,,,instock,,,,,Trucks,"Paris Trucks Savants Electro Luxe 180mm 50° RKP",yes,yes,yes,Wheels,"Kilmer 80a",yes,yes,yes,,,,,,,,variable,,,publish,3,hibiscus-complet,,,hibiscus-complet,0,open,closed,20170405,,,,,,,,,,,,,,,,,,,,,,,,,,,,,,,,,,,,,,,,,,,,,,,,,,,,,,,,,,,,,,,,,,,,,,,,,,,,,,,,,,,,,,,,,
1762,"Hibiscus Complet",,,20170405,product,http://www.zenitboards.com/product/hibiscus-complet/?attribute_pa_trucks=savantselectroluxe50&attribute_pa_wheels=kilmer83a,1694,1694-1762,,,,instock,,,,,Trucks,"Paris Trucks Savants Electro Luxe 180mm 50° RKP",yes,yes,yes,Wheels,"Kilmer 83a",yes,yes,yes,,,,,,,,variable,,,publish,3,hibiscus-complet,,,hibiscus-complet,0,open,closed,20170405,,,,,,,,,,,,,,,,,,,,,,,,,,,,,,,,,,,,,,,,,,,,,,,,,,,,,,,,,,,,,,,,,,,,,,,,,,,,,,,,,,,,,,,,,
1764,"Hibiscus Complet",,,20170405,product,http://www.zenitboards.com/product/hibiscus-complet/?attribute_pa_trucks=savantselectroluxe50&attribute_pa_wheels=keanu86a,1694,1694-1764,,,,instock,,,,,Trucks,"Paris Trucks Savants Electro Luxe 180mm 50° RKP",yes,yes,yes,Wheels,"Orangatang Keanu 86a 66mm",yes,yes,yes,,,,,,,,variable,,,publish,3,hibiscus-complet,,,hibiscus-complet,0,open,closed,20170405,,,,,,,,,,,,,,,,,,,,,,,,,,,,,,,,,,,,,,,,,,,,,,,,,,,,,,,,,,,,,,,,,,,,,,,,,,,,,,,,,,,,,,,,,
1765,"Hibiscus Complet",,,20170405,product,http://www.zenitboards.com/product/hibiscus-complet/?attribute_pa_trucks=savantselectroluxe50&attribute_pa_wheels=keanu83a,1694,1694-1765,,,,instock,,,,,Trucks,"Paris Trucks Savants Electro Luxe 180mm 50° RKP",yes,yes,yes,Wheels,"Orangatang Keanu 83a 66mm",yes,yes,yes,,,,,,,,variable,,,publish,3,hibiscus-complet,,,hibiscus-complet,0,open,closed,20170405,,,,,,,,,,,,,,,,,,,,,,,,,,,,,,,,,,,,,,,,,,,,,,,,,,,,,,,,,,,,,,,,,,,,,,,,,,,,,,,,,,,,,,,,,
1766,"Hibiscus Complet",,,20170405,product,http://www.zenitboards.com/product/hibiscus-complet/?attribute_pa_trucks=savantselectroluxe50&attribute_pa_wheels=keanu80a,1694,1694-1766,,,,instock,,,,,Trucks,"Paris Trucks Savants Electro Luxe 180mm 50° RKP",yes,yes,yes,Wheels,"Orangatang Keanu 80a 66mm",yes,yes,yes,,,,,,,,variable,,,publish,3,hibiscus-complet,,,hibiscus-complet,0,open,closed,20170405,,,,,,,,,,,,,,,,,,,,,,,,,,,,,,,,,,,,,,,,,,,,,,,,,,,,,,,,,,,,,,,,,,,,,,,,,,,,,,,,,,,,,,,,,
1769,"Hibiscus Complet",,,20170405,product,http://www.zenitboards.com/product/hibiscus-complet/?attribute_pa_trucks=savantselectroluxe50&attribute_pa_wheels=skiffs80a,1694,1694-1769,,,,instock,,,,,Trucks,"Paris Trucks Savants Electro Luxe 180mm 50° RKP",yes,yes,yes,Wheels,"Skiffs 80a",yes,yes,yes,,,,,,,,variable,,,publish,3,hibiscus-complet,,,hibiscus-complet,0,open,closed,20170405,,,,,,,,,,,,,,,,,,,,,,,,,,,,,,,,,,,,,,,,,,,,,,,,,,,,,,,,,,,,,,,,,,,,,,,,,,,,,,,,,,,,,,,,,
1762,"Hibiscus Complet",,,20170405,product,http://www.zenitboards.com/product/hibiscus-complet/?attribute_pa_trucks=savantselectroluxe50&attribute_pa_wheels=kilmer83a,1694,1694-1762,,,,instock,,,,,Trucks,"Paris Trucks Savants Electro Luxe 180mm 50° RKP",yes,yes,yes,Wheels,"Kilmer 83a",yes,yes,yes,,,,,,,,variable,,,publish,3,hibiscus-complet,,,hibiscus-complet,0,open,closed,20170405,,,,,,,,,,,,,,,,,,,,,,,,,,,,,,,,,,,,,,,,,,,,,,,,,,,,,,,,,,,,,,,,,,,,,,,,,,,,,,,,,,,,,,,,,
1769,"Hibiscus Complet",,,20170405,product,http://www.zenitboards.com/product/hibiscus-complet/?attribute_pa_trucks=savantselectroluxe50&attribute_pa_wheels=skiffs80a,1694,1694-1769,,,,instock,,,,,Trucks,"Paris Trucks Savants Electro Luxe 180mm 50° RKP",yes,yes,yes,Wheels,"Skiffs 80a",yes,yes,yes,,,,,,,,variable,,,publish,3,hibiscus-complet,,,hibiscus-complet,0,open,closed,20170405,,,,,,,,,,,,,,,,,,,,,,,,,,,,,,,,,,,,,,,,,,,,,,,,,,,,,,,,,,,,,,,,,,,,,,,,,,,,,,,,,,,,,,,,,
1771,"Hibiscus Complet",,,20170405,product,http://www.zenitboards.com/product/hibiscus-complet/?attribute_pa_trucks=savantselectroluxe50&attribute_pa_wheels=zenit-78a-60mm,1694,1694-1771,,,,instock,,,,,Trucks,"Paris Trucks Savants Electro Luxe 180mm 50° RKP",yes,yes,yes,Wheels,"Zenit 78a - 60mm",yes,yes,yes,,,,,,,,variable,,,publish,3,hibiscus-complet,,,hibiscus-complet,0,open,closed,20170405,,,,,,,,,,,,,,,,,,,,,,,,,,,,,,,,,,,,,,,,,,,,,,,,,,,,,,,,,,,,,,,,,,,,,,,,,,,,,,,,,,,,,,,,,
1770,"Hibiscus Complet",,,20170405,product,http://www.zenitboards.com/product/hibiscus-complet/?attribute_pa_trucks=savantselectroluxe50&attribute_pa_wheels=onsens,1694,1694-1770,,,,instock,,,,,Trucks,"Paris Trucks Savants Electro Luxe 180mm 50° RKP",yes,yes,yes,Wheels,"Onsen 100a",yes,yes,yes,,,,,,,,variable,,,publish,3,hibiscus-complet,,,hibiscus-complet,0,open,closed,20170405,,,,,,,,,,,,,,,,,,,,,,,,,,,,,,,,,,,,,,,,,,,,,,,,,,,,,,,,,,,,,,,,,,,,,,,,,,,,,,,,,,,,,,,,,
1756,"Hibiscus Complet",,,20170405,product,http://www.zenitboards.com/product/hibiscus-complet/?attribute_pa_trucks=gunmetalsavants43&attribute_pa_wheels=skiffs80a,1694,1694-1756,,,,instock,,,,,Trucks,"Paris Trucks Savants Gunmetal Grey 180mm 43° RKP",yes,yes,yes,Wheels,"Skiffs 80a",yes,yes,yes,,,,,,,,variable,,,publish,3,hibiscus-complet,,,hibiscus-complet,0,open,closed,20170405,,,,,,,,,,,,,,,,,,,,,,,,,,,,,,,,,,,,,,,,,,,,,,,,,,,,,,,,,,,,,,,,,,,,,,,,,,,,,,,,,,,,,,,,,
1758,"Hibiscus Complet",,,20170405,product,http://www.zenitboards.com/product/hibiscus-complet/?attribute_pa_trucks=gunmetalsavants43&attribute_pa_wheels=zenit-78a-60mm,1694,1694-1758,,,,instock,,,,,Trucks,"Paris Trucks Savants Gunmetal Grey 180mm 43° RKP",yes,yes,yes,Wheels,"Zenit 78a - 60mm",yes,yes,yes,,,,,,,,variable,,,publish,3,hibiscus-complet,,,hibiscus-complet,0,open,closed,20170405,,,,,,,,,,,,,,,,,,,,,,,,,,,,,,,,,,,,,,,,,,,,,,,,,,,,,,,,,,,,,,,,,,,,,,,,,,,,,,,,,,,,,,,,,
1759,"Hibiscus Complet",,,20170405,product,http://www.zenitboards.com/product/hibiscus-complet/?attribute_pa_trucks=gunmetalsavants43&attribute_pa_wheels=zenit-78a-70mm,1694,1694-1759,,,,instock,,,,,Trucks,"Paris Trucks Savants Gunmetal Grey 180mm 43° RKP",yes,yes,yes,Wheels,"Zenit 78a - 70mm",yes,yes,yes,,,,,,,,variable,,,publish,3,hibiscus-complet,,,hibiscus-complet,0,open,closed,20170405,,,,,,,,,,,,,,,,,,,,,,,,,,,,,,,,,,,,,,,,,,,,,,,,,,,,,,,,,,,,,,,,,,,,,,,,,,,,,,,,,,,,,,,,,
1760,"Hibiscus Complet",,,20170405,product,http://www.zenitboards.com/product/hibiscus-complet/?attribute_pa_trucks=savantselectroluxe50&attribute_pa_wheels=kegels80a,1694,1694-1760,,,,instock,,,,,Trucks,"Paris Trucks Savants Electro Luxe 180mm 50° RKP",yes,yes,yes,Wheels,"Kegels 80a",yes,yes,yes,,,,,,,,variable,,,publish,3,hibiscus-complet,,,hibiscus-complet,0,open,closed,20170405,,,,,,,,,,,,,,,,,,,,,,,,,,,,,,,,,,,,,,,,,,,,,,,,,,,,,,,,,,,,,,,,,,,,,,,,,,,,,,,,,,,,,,,,,
1761,"Hibiscus Complet",,,20170405,product,http://www.zenitboards.com/product/hibiscus-complet/?attribute_pa_trucks=savantselectroluxe50&attribute_pa_wheels=kegel83a,1694,1694-1761,,,,instock,,,,,Trucks,"Paris Trucks Savants Electro Luxe 180mm 50° RKP",yes,yes,yes,Wheels,"Kegels 83a",yes,yes,yes,,,,,,,,variable,,,publish,3,hibiscus-complet,,,hibiscus-complet,0,open,closed,20170405,,,,,,,,,,,,,,,,,,,,,,,,,,,,,,,,,,,,,,,,,,,,,,,,,,,,,,,,,,,,,,,,,,,,,,,,,,,,,,,,,,,,,,,,,
1757,"Hibiscus Complet",,,20170405,product,http://www.zenitboards.com/product/hibiscus-complet/?attribute_pa_trucks=gunmetalsavants43&attribute_pa_wheels=onsens,1694,1694-1757,,,,instock,,,,,Trucks,"Paris Trucks Savants Gunmetal Grey 180mm 43° RKP",yes,yes,yes,Wheels,"Onsen 100a",yes,yes,yes,,,,,,,,variable,,,publish,3,hibiscus-complet,,,hibiscus-complet,0,open,closed,20170405,,,,,,,,,,,,,,,,,,,,,,,,,,,,,,,,,,,,,,,,,,,,,,,,,,,,,,,,,,,,,,,,,,,,,,,,,,,,,,,,,,,,,,,,,
1755,"Hibiscus Complet",,,20170405,product,http://www.zenitboards.com/product/hibiscus-complet/?attribute_pa_trucks=gunmetalsavants43&attribute_pa_wheels=skiffs83a,1694,1694-1755,,,,instock,,,,,Trucks,"Paris Trucks Savants Gunmetal Grey 180mm 43° RKP",yes,yes,yes,Wheels,"Skiffs 83a",yes,yes,yes,,,,,,,,variable,,,publish,3,hibiscus-complet,,,hibiscus-complet,0,open,closed,20170405,,,,,,,,,,,,,,,,,,,,,,,,,,,,,,,,,,,,,,,,,,,,,,,,,,,,,,,,,,,,,,,,,,,,,,,,,,,,,,,,,,,,,,,,,
1752,"Hibiscus Complet",,,20170405,product,http://www.zenitboards.com/product/hibiscus-complet/?attribute_pa_trucks=gunmetalsavants43&attribute_pa_wheels=keanu83a,1694,1694-1752,,,,instock,,,,,Trucks,"Paris Trucks Savants Gunmetal Grey 180mm 43° RKP",yes,yes,yes,Wheels,"Orangatang Keanu 83a 66mm",yes,yes,yes,,,,,,,,variable,,,publish,3,hibiscus-complet,,,hibiscus-complet,0,open,closed,20170405,,,,,,,,,,,,,,,,,,,,,,,,,,,,,,,,,,,,,,,,,,,,,,,,,,,,,,,,,,,,,,,,,,,,,,,,,,,,,,,,,,,,,,,,,
1753,"Hibiscus Complet",,,20170405,product,http://www.zenitboards.com/product/hibiscus-complet/?attribute_pa_trucks=gunmetalsavants43&attribute_pa_wheels=keanu80a,1694,1694-1753,,,,instock,,,,,Trucks,"Paris Trucks Savants Gunmetal Grey 180mm 43° RKP",yes,yes,yes,Wheels,"Orangatang Keanu 80a 66mm",yes,yes,yes,,,,,,,,variable,,,publish,3,hibiscus-complet,,,hibiscus-complet,0,open,closed,20170405,,,,,,,,,,,,,,,,,,,,,,,,,,,,,,,,,,,,,,,,,,,,,,,,,,,,,,,,,,,,,,,,,,,,,,,,,,,,,,,,,,,,,,,,,
1754,"Hibiscus Complet",,,20170405,product,http://www.zenitboards.com/product/hibiscus-complet/?attribute_pa_trucks=gunmetalsavants43&attribute_pa_wheels=skiffs86a,1694,1694-1754,,,,instock,,,,,Trucks,"Paris Trucks Savants Gunmetal Grey 180mm 43° RKP",yes,yes,yes,Wheels,"Skiffs 86a",yes,yes,yes,,,,,,,,variable,,,publish,3,hibiscus-complet,,,hibiscus-complet,0,open,closed,20170405,,,,,,,,,,,,,,,,,,,,,,,,,,,,,,,,,,,,,,,,,,,,,,,,,,,,,,,,,,,,,,,,,,,,,,,,,,,,,,,,,,,,,,,,,
1745,"Hibiscus Complet",,,20170405,product,http://www.zenitboards.com/product/hibiscus-complet/?attribute_pa_trucks=savantselectroluxe43&attribute_pa_wheels=zenit-78a-60mm,1694,1694-1745,,,,instock,,,,,Trucks,"Paris Trucks Savants Electro Luxe 180mm 43° RKP",yes,yes,yes,Wheels,"Zenit 78a - 60mm",yes,yes,yes,,,,,,,,variable,,,publish,3,hibiscus-complet,,,hibiscus-complet,0,open,closed,20170405,,,,,,,,,,,,,,,,,,,,,,,,,,,,,,,,,,,,,,,,,,,,,,,,,,,,,,,,,,,,,,,,,,,,,,,,,,,,,,,,,,,,,,,,,
1746,"Hibiscus Complet",,,20170405,product,http://www.zenitboards.com/product/hibiscus-complet/?attribute_pa_trucks=savantselectroluxe43&attribute_pa_wheels=zenit-78a-70mm,1694,1694-1746,,,,instock,,,,,Trucks,"Paris Trucks Savants Electro Luxe 180mm 43° RKP",yes,yes,yes,Wheels,"Zenit 78a - 70mm",yes,yes,yes,,,,,,,,variable,,,publish,3,hibiscus-complet,,,hibiscus-complet,0,open,closed,20170405,,,,,,,,,,,,,,,,,,,,,,,,,,,,,,,,,,,,,,,,,,,,,,,,,,,,,,,,,,,,,,,,,,,,,,,,,,,,,,,,,,,,,,,,,
1747,"Hibiscus Complet",,,20170405,product,http://www.zenitboards.com/product/hibiscus-complet/?attribute_pa_trucks=gunmetalsavants43&attribute_pa_wheels=kegels80a,1694,1694-1747,,,,instock,,,,,Trucks,"Paris Trucks Savants Gunmetal Grey 180mm 43° RKP",yes,yes,yes,Wheels,"Kegels 80a",yes,yes,yes,,,,,,,,variable,,,publish,3,hibiscus-complet,,,hibiscus-complet,0,open,closed,20170405,,,,,,,,,,,,,,,,,,,,,,,,,,,,,,,,,,,,,,,,,,,,,,,,,,,,,,,,,,,,,,,,,,,,,,,,,,,,,,,,,,,,,,,,,
1748,"Hibiscus Complet",,,20170405,product,http://www.zenitboards.com/product/hibiscus-complet/?attribute_pa_trucks=gunmetalsavants43&attribute_pa_wheels=kegel83a,1694,1694-1748,,,,instock,,,,,Trucks,"Paris Trucks Savants Gunmetal Grey 180mm 43° RKP",yes,yes,yes,Wheels,"Kegels 83a",yes,yes,yes,,,,,,,,variable,,,publish,3,hibiscus-complet,,,hibiscus-complet,0,open,closed,20170405,,,,,,,,,,,,,,,,,,,,,,,,,,,,,,,,,,,,,,,,,,,,,,,,,,,,,,,,,,,,,,,,,,,,,,,,,,,,,,,,,,,,,,,,,
1749,"Hibiscus Complet",,,20170405,product,http://www.zenitboards.com/product/hibiscus-complet/?attribute_pa_trucks=gunmetalsavants43&attribute_pa_wheels=kilmer83a,1694,1694-1749,,,,instock,,,,,Trucks,"Paris Trucks Savants Gunmetal Grey 180mm 43° RKP",yes,yes,yes,Wheels,"Kilmer 83a",yes,yes,yes,,,,,,,,variable,,,publish,3,hibiscus-complet,,,hibiscus-complet,0,open,closed,20170405,,,,,,,,,,,,,,,,,,,,,,,,,,,,,,,,,,,,,,,,,,,,,,,,,,,,,,,,,,,,,,,,,,,,,,,,,,,,,,,,,,,,,,,,,
1750,"Hibiscus Complet",,,20170405,product,http://www.zenitboards.com/product/hibiscus-complet/?attribute_pa_trucks=gunmetalsavants43&attribute_pa_wheels=kilmer-80a,1694,1694-1750,,,,instock,,,,,Trucks,"Paris Trucks Savants Gunmetal Grey 180mm 43° RKP",yes,yes,yes,Wheels,"Kilmer 80a",yes,yes,yes,,,,,,,,variable,,,publish,3,hibiscus-complet,,,hibiscus-complet,0,open,closed,20170405,,,,,,,,,,,,,,,,,,,,,,,,,,,,,,,,,,,,,,,,,,,,,,,,,,,,,,,,,,,,,,,,,,,,,,,,,,,,,,,,,,,,,,,,,
1751,"Hibiscus Complet",,,20170405,product,http://www.zenitboards.com/product/hibiscus-complet/?attribute_pa_trucks=gunmetalsavants43&attribute_pa_wheels=keanu86a,1694,1694-1751,,,,instock,,,,,Trucks,"Paris Trucks Savants Gunmetal Grey 180mm 43° RKP",yes,yes,yes,Wheels,"Orangatang Keanu 86a 66mm",yes,yes,yes,,,,,,,,variable,,,publish,3,hibiscus-complet,,,hibiscus-complet,0,open,closed,20170405,,,,,,,,,,,,,,,,,,,,,,,,,,,,,,,,,,,,,,,,,,,,,,,,,,,,,,,,,,,,,,,,,,,,,,,,,,,,,,,,,,,,,,,,,
1735,"Hibiscus Complet",,,20170405,product,http://www.zenitboards.com/product/hibiscus-complet/?attribute_pa_trucks=savantselectroluxe43&attribute_pa_wheels=kegel83a,1694,1694-1735,,,,instock,,,,,Trucks,"Paris Trucks Savants Electro Luxe 180mm 43° RKP",yes,yes,yes,Wheels,"Kegels 83a",yes,yes,yes,,,,,,,,variable,,,publish,3,hibiscus-complet,,,hibiscus-complet,0,open,closed,20170405,,,,,,,,,,,,,,,,,,,,,,,,,,,,,,,,,,,,,,,,,,,,,,,,,,,,,,,,,,,,,,,,,,,,,,,,,,,,,,,,,,,,,,,,,
1736,"Hibiscus Complet",,,20170405,product,http://www.zenitboards.com/product/hibiscus-complet/?attribute_pa_trucks=savantselectroluxe43&attribute_pa_wheels=kilmer83a,1694,1694-1736,,,,instock,,,,,Trucks,"Paris Trucks Savants Electro Luxe 180mm 43° RKP",yes,yes,yes,Wheels,"Kilmer 83a",yes,yes,yes,,,,,,,,variable,,,publish,3,hibiscus-complet,,,hibiscus-complet,0,open,closed,20170405,,,,,,,,,,,,,,,,,,,,,,,,,,,,,,,,,,,,,,,,,,,,,,,,,,,,,,,,,,,,,,,,,,,,,,,,,,,,,,,,,,,,,,,,,
1737,"Hibiscus Complet",,,20170405,product,http://www.zenitboards.com/product/hibiscus-complet/?attribute_pa_trucks=savantselectroluxe43&attribute_pa_wheels=kilmer-80a,1694,1694-1737,,,,instock,,,,,Trucks,"Paris Trucks Savants Electro Luxe 180mm 43° RKP",yes,yes,yes,Wheels,"Kilmer 80a",yes,yes,yes,,,,,,,,variable,,,publish,3,hibiscus-complet,,,hibiscus-complet,0,open,closed,20170405,,,,,,,,,,,,,,,,,,,,,,,,,,,,,,,,,,,,,,,,,,,,,,,,,,,,,,,,,,,,,,,,,,,,,,,,,,,,,,,,,,,,,,,,,
1738,"Hibiscus Complet",,,20170405,product,http://www.zenitboards.com/product/hibiscus-complet/?attribute_pa_trucks=savantselectroluxe43&attribute_pa_wheels=keanu86a,1694,1694-1738,,,,instock,,,,,Trucks,"Paris Trucks Savants Electro Luxe 180mm 43° RKP",yes,yes,yes,Wheels,"Orangatang Keanu 86a 66mm",yes,yes,yes,,,,,,,,variable,,,publish,3,hibiscus-complet,,,hibiscus-complet,0,open,closed,20170405,,,,,,,,,,,,,,,,,,,,,,,,,,,,,,,,,,,,,,,,,,,,,,,,,,,,,,,,,,,,,,,,,,,,,,,,,,,,,,,,,,,,,,,,,
1739,"Hibiscus Complet",,,20170405,product,http://www.zenitboards.com/product/hibiscus-complet/?attribute_pa_trucks=savantselectroluxe43&attribute_pa_wheels=keanu83a,1694,1694-1739,,,,instock,,,,,Trucks,"Paris Trucks Savants Electro Luxe 180mm 43° RKP",yes,yes,yes,Wheels,"Orangatang Keanu 83a 66mm",yes,yes,yes,,,,,,,,variable,,,publish,3,hibiscus-complet,,,hibiscus-complet,0,open,closed,20170405,,,,,,,,,,,,,,,,,,,,,,,,,,,,,,,,,,,,,,,,,,,,,,,,,,,,,,,,,,,,,,,,,,,,,,,,,,,,,,,,,,,,,,,,,
1740,"Hibiscus Complet",,,20170405,product,http://www.zenitboards.com/product/hibiscus-complet/?attribute_pa_trucks=savantselectroluxe43&attribute_pa_wheels=keanu80a,1694,1694-1740,,,,instock,,,,,Trucks,"Paris Trucks Savants Electro Luxe 180mm 43° RKP",yes,yes,yes,Wheels,"Orangatang Keanu 80a 66mm",yes,yes,yes,,,,,,,,variable,,,publish,3,hibiscus-complet,,,hibiscus-complet,0,open,closed,20170405,,,,,,,,,,,,,,,,,,,,,,,,,,,,,,,,,,,,,,,,,,,,,,,,,,,,,,,,,,,,,,,,,,,,,,,,,,,,,,,,,,,,,,,,,
1744,"Hibiscus Complet",,,20170405,product,http://www.zenitboards.com/product/hibiscus-complet/?attribute_pa_trucks=savantselectroluxe43&attribute_pa_wheels=onsens,1694,1694-1744,,,,instock,,,,,Trucks,"Paris Trucks Savants Electro Luxe 180mm 43° RKP",yes,yes,yes,Wheels,"Onsen 100a",yes,yes,yes,,,,,,,,variable,,,publish,3,hibiscus-complet,,,hibiscus-complet,0,open,closed,20170405,,,,,,,,,,,,,,,,,,,,,,,,,,,,,,,,,,,,,,,,,,,,,,,,,,,,,,,,,,,,,,,,,,,,,,,,,,,,,,,,,,,,,,,,,
1741,"Hibiscus Complet",,,20170405,product,http://www.zenitboards.com/product/hibiscus-complet/?attribute_pa_trucks=savantselectroluxe43&attribute_pa_wheels=skiffs86a,1694,1694-1741,,,,instock,,,,,Trucks,"Paris Trucks Savants Electro Luxe 180mm 43° RKP",yes,yes,yes,Wheels,"Skiffs 86a",yes,yes,yes,,,,,,,,variable,,,publish,3,hibiscus-complet,,,hibiscus-complet,0,open,closed,20170405,,,,,,,,,,,,,,,,,,,,,,,,,,,,,,,,,,,,,,,,,,,,,,,,,,,,,,,,,,,,,,,,,,,,,,,,,,,,,,,,,,,,,,,,,
1742,"Hibiscus Complet",,,20170405,product,http://www.zenitboards.com/product/hibiscus-complet/?attribute_pa_trucks=savantselectroluxe43&attribute_pa_wheels=skiffs83a,1694,1694-1742,,,,instock,,,,,Trucks,"Paris Trucks Savants Electro Luxe 180mm 43° RKP",yes,yes,yes,Wheels,"Skiffs 83a",yes,yes,yes,,,,,,,,variable,,,publish,3,hibiscus-complet,,,hibiscus-complet,0,open,closed,20170405,,,,,,,,,,,,,,,,,,,,,,,,,,,,,,,,,,,,,,,,,,,,,,,,,,,,,,,,,,,,,,,,,,,,,,,,,,,,,,,,,,,,,,,,,
1743,"Hibiscus Complet",,,20170405,product,http://www.zenitboards.com/product/hibiscus-complet/?attribute_pa_trucks=savantselectroluxe43&attribute_pa_wheels=skiffs80a,1694,1694-1743,,,,instock,,,,,Trucks,"Paris Trucks Savants Electro Luxe 180mm 43° RKP",yes,yes,yes,Wheels,"Skiffs 80a",yes,yes,yes,,,,,,,,variable,,,publish,3,hibiscus-complet,,,hibiscus-complet,0,open,closed,20170405,,,,,,,,,,,,,,,,,,,,,,,,,,,,,,,,,,,,,,,,,,,,,,,,,,,,,,,,,,,,,,,,,,,,,,,,,,,,,,,,,,,,,,,,,
1728,"Hibiscus Complet",,,20170405,product,http://www.zenitboards.com/product/hibiscus-complet/?attribute_pa_trucks=165savantsgunmetal43&attribute_pa_wheels=skiffs86a,1694,1694-1728,,,,instock,,,,,Trucks,"Paris Trucks Savants Gunmetal Grey 165mm 43° RKP",yes,yes,yes,Wheels,"Skiffs 86a",yes,yes,yes,,,,,,,,variable,,,publish,3,hibiscus-complet,,,hibiscus-complet,0,open,closed,20170405,,,,,,,,,,,,,,,,,,,,,,,,,,,,,,,,,,,,,,,,,,,,,,,,,,,,,,,,,,,,,,,,,,,,,,,,,,,,,,,,,,,,,,,,,
1727,"Hibiscus Complet",,,20170405,product,http://www.zenitboards.com/product/hibiscus-complet/?attribute_pa_trucks=165savantsgunmetal43&attribute_pa_wheels=keanu80a,1694,1694-1727,,,,instock,,,,,Trucks,"Paris Trucks Savants Gunmetal Grey 165mm 43° RKP",yes,yes,yes,Wheels,"Orangatang Keanu 80a 66mm",yes,yes,yes,,,,,,,,variable,,,publish,3,hibiscus-complet,,,hibiscus-complet,0,open,closed,20170405,,,,,,,,,,,,,,,,,,,,,,,,,,,,,,,,,,,,,,,,,,,,,,,,,,,,,,,,,,,,,,,,,,,,,,,,,,,,,,,,,,,,,,,,,
1726,"Hibiscus Complet",,,20170405,product,http://www.zenitboards.com/product/hibiscus-complet/?attribute_pa_trucks=165savantsgunmetal43&attribute_pa_wheels=keanu83a,1694,1694-1726,,,,instock,,,,,Trucks,"Paris Trucks Savants Gunmetal Grey 165mm 43° RKP",yes,yes,yes,Wheels,"Orangatang Keanu 83a 66mm",yes,yes,yes,,,,,,,,variable,,,publish,3,hibiscus-complet,,,hibiscus-complet,0,open,closed,20170405,,,,,,,,,,,,,,,,,,,,,,,,,,,,,,,,,,,,,,,,,,,,,,,,,,,,,,,,,,,,,,,,,,,,,,,,,,,,,,,,,,,,,,,,,
1724,"Hibiscus Complet",,,20170405,product,http://www.zenitboards.com/product/hibiscus-complet/?attribute_pa_trucks=165savantsgunmetal43&attribute_pa_wheels=kilmer-80a,1694,1694-1724,,,,instock,,,,,Trucks,"Paris Trucks Savants Gunmetal Grey 165mm 43° RKP",yes,yes,yes,Wheels,"Kilmer 80a",yes,yes,yes,,,,,,,,variable,,,publish,3,hibiscus-complet,,,hibiscus-complet,0,open,closed,20170405,,,,,,,,,,,,,,,,,,,,,,,,,,,,,,,,,,,,,,,,,,,,,,,,,,,,,,,,,,,,,,,,,,,,,,,,,,,,,,,,,,,,,,,,,
1725,"Hibiscus Complet",,,20170405,product,http://www.zenitboards.com/product/hibiscus-complet/?attribute_pa_trucks=165savantsgunmetal43&attribute_pa_wheels=keanu86a,1694,1694-1725,,,,instock,,,,,Trucks,"Paris Trucks Savants Gunmetal Grey 165mm 43° RKP",yes,yes,yes,Wheels,"Orangatang Keanu 86a 66mm",yes,yes,yes,,,,,,,,variable,,,publish,3,hibiscus-complet,,,hibiscus-complet,0,open,closed,20170405,,,,,,,,,,,,,,,,,,,,,,,,,,,,,,,,,,,,,,,,,,,,,,,,,,,,,,,,,,,,,,,,,,,,,,,,,,,,,,,,,,,,,,,,,
1729,"Hibiscus Complet",,,20170405,product,http://www.zenitboards.com/product/hibiscus-complet/?attribute_pa_trucks=165savantsgunmetal43&attribute_pa_wheels=skiffs83a,1694,1694-1729,,,,instock,,,,,Trucks,"Paris Trucks Savants Gunmetal Grey 165mm 43° RKP",yes,yes,yes,Wheels,"Skiffs 83a",yes,yes,yes,,,,,,,,variable,,,publish,3,hibiscus-complet,,,hibiscus-complet,0,open,closed,20170405,,,,,,,,,,,,,,,,,,,,,,,,,,,,,,,,,,,,,,,,,,,,,,,,,,,,,,,,,,,,,,,,,,,,,,,,,,,,,,,,,,,,,,,,,
1730,"Hibiscus Complet",,,20170405,product,http://www.zenitboards.com/product/hibiscus-complet/?attribute_pa_trucks=165savantsgunmetal43&attribute_pa_wheels=skiffs80a,1694,1694-1730,,,,instock,,,,,Trucks,"Paris Trucks Savants Gunmetal Grey 165mm 43° RKP",yes,yes,yes,Wheels,"Skiffs 80a",yes,yes,yes,,,,,,,,variable,,,publish,3,hibiscus-complet,,,hibiscus-complet,0,open,closed,20170405,,,,,,,,,,,,,,,,,,,,,,,,,,,,,,,,,,,,,,,,,,,,,,,,,,,,,,,,,,,,,,,,,,,,,,,,,,,,,,,,,,,,,,,,,
1731,"Hibiscus Complet",,,20170405,product,http://www.zenitboards.com/product/hibiscus-complet/?attribute_pa_trucks=165savantsgunmetal43&attribute_pa_wheels=onsens,1694,1694-1731,,,,instock,,,,,Trucks,"Paris Trucks Savants Gunmetal Grey 165mm 43° RKP",yes,yes,yes,Wheels,"Onsen 100a",yes,yes,yes,,,,,,,,variable,,,publish,3,hibiscus-complet,,,hibiscus-complet,0,open,closed,20170405,,,,,,,,,,,,,,,,,,,,,,,,,,,,,,,,,,,,,,,,,,,,,,,,,,,,,,,,,,,,,,,,,,,,,,,,,,,,,,,,,,,,,,,,,
1732,"Hibiscus Complet",,,20170405,product,http://www.zenitboards.com/product/hibiscus-complet/?attribute_pa_trucks=165savantsgunmetal43&attribute_pa_wheels=zenit-78a-60mm,1694,1694-1732,,,,instock,,,,,Trucks,"Paris Trucks Savants Gunmetal Grey 165mm 43° RKP",yes,yes,yes,Wheels,"Zenit 78a - 60mm",yes,yes,yes,,,,,,,,variable,,,publish,3,hibiscus-complet,,,hibiscus-complet,0,open,closed,20170405,,,,,,,,,,,,,,,,,,,,,,,,,,,,,,,,,,,,,,,,,,,,,,,,,,,,,,,,,,,,,,,,,,,,,,,,,,,,,,,,,,,,,,,,,
1733,"Hibiscus Complet",,,20170405,product,http://www.zenitboards.com/product/hibiscus-complet/?attribute_pa_trucks=165savantsgunmetal43&attribute_pa_wheels=zenit-78a-70mm,1694,1694-1733,,,,instock,,,,,Trucks,"Paris Trucks Savants Gunmetal Grey 165mm 43° RKP",yes,yes,yes,Wheels,"Zenit 78a - 70mm",yes,yes,yes,,,,,,,,variable,,,publish,3,hibiscus-complet,,,hibiscus-complet,0,open,closed,20170405,,,,,,,,,,,,,,,,,,,,,,,,,,,,,,,,,,,,,,,,,,,,,,,,,,,,,,,,,,,,,,,,,,,,,,,,,,,,,,,,,,,,,,,,,
1734,"Hibiscus Complet",,,20170405,product,http://www.zenitboards.com/product/hibiscus-complet/?attribute_pa_trucks=savantselectroluxe43&attribute_pa_wheels=kegels80a,1694,1694-1734,,,,instock,,,,,Trucks,"Paris Trucks Savants Electro Luxe 180mm 43° RKP",yes,yes,yes,Wheels,"Kegels 80a",yes,yes,yes,,,,,,,,variable,,,publish,3,hibiscus-complet,,,hibiscus-complet,0,open,closed,20170405,,,,,,,,,,,,,,,,,,,,,,,,,,,,,,,,,,,,,,,,,,,,,,,,,,,,,,,,,,,,,,,,,,,,,,,,,,,,,,,,,,,,,,,,,
1711,"Hibiscus Complet",,,20170405,product,http://www.zenitboards.com/product/hibiscus-complet/?attribute_pa_trucks=165savantselectroluxe43&attribute_pa_wheels=kilmer-80a,1694,1694-1711,,,,instock,,,,,Trucks,"Paris Trucks Savants Electro Luxe 165mm 43° RKP",yes,yes,yes,Wheels,"Kilmer 80a",yes,yes,yes,,,,,,,,variable,,,publish,3,hibiscus-complet,,,hibiscus-complet,0,open,closed,20170405,,,,,,,,,,,,,,,,,,,,,,,,,,,,,,,,,,,,,,,,,,,,,,,,,,,,,,,,,,,,,,,,,,,,,,,,,,,,,,,,,,,,,,,,,
1715,"Hibiscus Complet",,,20170405,product,http://www.zenitboards.com/product/hibiscus-complet/?attribute_pa_trucks=165savantselectroluxe43&attribute_pa_wheels=skiffs86a,1694,1694-1715,,,,instock,,,,,Trucks,"Paris Trucks Savants Electro Luxe 165mm 43° RKP",yes,yes,yes,Wheels,"Skiffs 86a",yes,yes,yes,,,,,,,,variable,,,publish,3,hibiscus-complet,,,hibiscus-complet,0,open,closed,20170405,,,,,,,,,,,,,,,,,,,,,,,,,,,,,,,,,,,,,,,,,,,,,,,,,,,,,,,,,,,,,,,,,,,,,,,,,,,,,,,,,,,,,,,,,
1716,"Hibiscus Complet",,,20170405,product,http://www.zenitboards.com/product/hibiscus-complet/?attribute_pa_trucks=165savantselectroluxe43&attribute_pa_wheels=skiffs83a,1694,1694-1716,,,,instock,,,,,Trucks,"Paris Trucks Savants Electro Luxe 165mm 43° RKP",yes,yes,yes,Wheels,"Skiffs 83a",yes,yes,yes,,,,,,,,variable,,,publish,3,hibiscus-complet,,,hibiscus-complet,0,open,closed,20170405,,,,,,,,,,,,,,,,,,,,,,,,,,,,,,,,,,,,,,,,,,,,,,,,,,,,,,,,,,,,,,,,,,,,,,,,,,,,,,,,,,,,,,,,,
1717,"Hibiscus Complet",,,20170405,product,http://www.zenitboards.com/product/hibiscus-complet/?attribute_pa_trucks=165savantselectroluxe43&attribute_pa_wheels=skiffs80a,1694,1694-1717,,,,instock,,,,,Trucks,"Paris Trucks Savants Electro Luxe 165mm 43° RKP",yes,yes,yes,Wheels,"Skiffs 80a",yes,yes,yes,,,,,,,,variable,,,publish,3,hibiscus-complet,,,hibiscus-complet,0,open,closed,20170405,,,,,,,,,,,,,,,,,,,,,,,,,,,,,,,,,,,,,,,,,,,,,,,,,,,,,,,,,,,,,,,,,,,,,,,,,,,,,,,,,,,,,,,,,
1718,"Hibiscus Complet",,,20170405,product,http://www.zenitboards.com/product/hibiscus-complet/?attribute_pa_trucks=165savantselectroluxe43&attribute_pa_wheels=onsens,1694,1694-1718,,,,instock,,,,,Trucks,"Paris Trucks Savants Electro Luxe 165mm 43° RKP",yes,yes,yes,Wheels,"Onsen 100a",yes,yes,yes,,,,,,,,variable,,,publish,3,hibiscus-complet,,,hibiscus-complet,0,open,closed,20170405,,,,,,,,,,,,,,,,,,,,,,,,,,,,,,,,,,,,,,,,,,,,,,,,,,,,,,,,,,,,,,,,,,,,,,,,,,,,,,,,,,,,,,,,,
1720,"Hibiscus Complet",,,20170405,product,http://www.zenitboards.com/product/hibiscus-complet/?attribute_pa_trucks=165savantselectroluxe43&attribute_pa_wheels=zenit-78a-70mm,1694,1694-1720,,,,instock,,,,,Trucks,"Paris Trucks Savants Electro Luxe 165mm 43° RKP",yes,yes,yes,Wheels,"Zenit 78a - 70mm",yes,yes,yes,,,,,,,,variable,,,publish,3,hibiscus-complet,,,hibiscus-complet,0,open,closed,20170405,,,,,,,,,,,,,,,,,,,,,,,,,,,,,,,,,,,,,,,,,,,,,,,,,,,,,,,,,,,,,,,,,,,,,,,,,,,,,,,,,,,,,,,,,
1723,"Hibiscus Complet",,,20170405,product,http://www.zenitboards.com/product/hibiscus-complet/?attribute_pa_trucks=165savantsgunmetal43&attribute_pa_wheels=kilmer83a,1694,1694-1723,,,,instock,,,,,Trucks,"Paris Trucks Savants Gunmetal Grey 165mm 43° RKP",yes,yes,yes,Wheels,"Kilmer 83a",yes,yes,yes,,,,,,,,variable,,,publish,3,hibiscus-complet,,,hibiscus-complet,0,open,closed,20170405,,,,,,,,,,,,,,,,,,,,,,,,,,,,,,,,,,,,,,,,,,,,,,,,,,,,,,,,,,,,,,,,,,,,,,,,,,,,,,,,,,,,,,,,,
1722,"Hibiscus Complet",,,20170405,product,http://www.zenitboards.com/product/hibiscus-complet/?attribute_pa_trucks=165savantsgunmetal43&attribute_pa_wheels=kegel83a,1694,1694-1722,,,,instock,,,,,Trucks,"Paris Trucks Savants Gunmetal Grey 165mm 43° RKP",yes,yes,yes,Wheels,"Kegels 83a",yes,yes,yes,,,,,,,,variable,,,publish,3,hibiscus-complet,,,hibiscus-complet,0,open,closed,20170405,,,,,,,,,,,,,,,,,,,,,,,,,,,,,,,,,,,,,,,,,,,,,,,,,,,,,,,,,,,,,,,,,,,,,,,,,,,,,,,,,,,,,,,,,
